Term,Meaning_of_term,Dialect type,Contextual_Usage_question,correct_answer
إذا حجت البقرة على قرونها,بمعنى المستحيل ولايمكن وقوعة,General,"المهمة: اختر إجابة واحدة فقط دون أي ملاحظات إضافية.
السؤال: في أي من المواقف التالية يمكن استخدام المثل ""إذا حجت البقرة على قرونها""؟
الخيارات:
A) عندما يعد شخص ما بشيء مستحيل أو صعب جدًا تحقيقه
B) عندما يتحدث شخص عن نجاحات غير محتملة
C) عندما يتم الإعلان عن أمر مهم في المستقبل
D) عندما تتحدث عن وضع طبيعي ومحتمل) عندما يعد شخص ما بشيء مستحيل أو صعب جدًا تحقيقه",A
أَدْنَى حَمُول غَانا راعِيه,(عند أهل السراة) تستخدم بمعنى أن الأنسان يعيش على أدنى الميسور والموجود. وهي تفيد القناعة. أدنى: أقل. حمول: ما يحمل على الجمل وهي هنا ما تقتنيه. غانا: لغة في أغنى. راعيه: صاحبه.,Southern,"المهمة: اختر إجابة واحدة فقط دون أي ملاحظات إضافية.
السؤال: أي من المواقف التالية يناسب استخدام المثل ""أدْنَى حَمُول غَانا راعِيه""؟
الخيارات:
A) شخص يعيش حياة بسيطة وراضٍ بما لديه
B) تاجر يضاعف استثماراته بحثًا عن الثراء
C) موظف يرفض العمل لأنه لا يناسب طموحه الكبير
D) مسافر يزور عدة دول بحثًا عن فرص جديدة) شخص يعيش حياة بسيطة وراضٍ بما لديه",A
أن كان مالك من ذراعك نجده شربك على يدين الرجال هماج,هي بالأساس بيت قصيد، لكن أُستخدم كمثل ومعناها أنك ستتعرض للمذلة، أن لم تعتمد على نفسك,Central,"المهمة: اختر إجابة واحدة فقط دون أي ملاحظات إضافية.
السؤال: أي من المواقف التالية يناسب استخدام المثل ""إن كان مالك من ذراعك نجده، شربك على يدين الرجال هماج""؟
الخيارات:
A) شخص يعمل بجد ويبني مستقبله بنفسه
B) رجل يعتمد على المساعدات من الآخرين دون جهد
C) طالب يبحث عن أسهل الطرق للنجاح دون دراسة
D) شخص يفضل الاعتماد على دعم عائلته بدلاً من العمل) شخص يعمل بجد ويبني مستقبله بنفسه",A
إلي يجيك أحسن من إلي ترحلو,مثل معناه: إلي يفكر فيك أحسن من إلي تفكر فيه.,Western,"المهمة: اختر الجملة التي تناسب استخدام المثل.
السؤال: في أي موقف يمكن القول 'إلي يجيك أحسن من إلي ترحلو'؟
الخيارات:
أ) عندما تفكر في الذهاب لزيارة شخص
ب) عند التحدث عن شخص لم يعد مهتمًا بك
ج) عند استضافتك لصديق قادم من سفر
د) عند توديع شخص مقرب",ج
ابن صلمعه بن قلمعه ما تنفع معاه الحيل المجمعه,وصَلْمَعةُ‎ ‎بن‎ قَلْمَعةَ: كناية عمن لا يعرف ولا يُعْرَفُ أَبوه وهذا المثل يقال عند ذم الشخص,Central,"المهمة: ما هو السياق المناسب لاستخدام مثل 'ابن صلمعه بن قلمعه ما تنفع معاه الحيل المجمعه'?
السؤال: عندما تريد الإشارة لشخص عديم الفائدة، أي من الخيارات التالية هو السياق الصحيح لاستخدام المثل؟
الخيارات:
أ) أثناء مدح الأصدقاء
ب) عند التحدث عن شخص يتمتع بذكاء عالٍ
ج) في حالة محاولة إقناع شخص عنيد
د) عند مناقشة النجاح والإنجازات",ج
ابو فرفور ذنبو مغفور,اللي نحبه نغفرله كل شي,Western,"المهمة: اختر الجملة التي يمكن أن تستخدم فيها العبارة.
السؤال: متى يمكن أن نستخدم عبارة 'ابو فرفور ذنبو مغفور'؟
الخيارات:
أ) عندما نتحدث عن تطبيق القانون
ب) عند الحديث عن شخص عزيز أخطأ
ج) عندما نناقش فائدة الخطأ
د) عند الحديث عن العدالة",ب
اجري يا مشكاح للي قاعد مرتاح,المِشْكاح يُراد به كثير السعي والحركة، ويُضرب لمن يأتيه رزقه من سعي غيره بلا طلب منه,Western,"المهمة: اختر السياق الأنسب للمثل الشعبي.
السؤال: في أي موقف يمكن استخدام المثل 'اجري يا مشكاح للي قاعد مرتاح'؟
الخيارات:
أ) عند التحدث عن السفر
ب) عند تشجيع شخص على العمل
ج) عند مناقشة الطقس
د) عند الحديث عن الرياضة",ب
ازا اكلو العنب عليك قول حامض,تنقال لماً واحد يقعد متكرن عشان فاتو شي حلو مثل مشهور في الطايف,Western,"المهمة: اختر السياق المناسب لاستخدام المثل.
السؤال: في أي حالة يمكن استخدام المثل 'ازا اكلو العنب عليك قول حامض'؟
الخيارات:
أ) عند التغلب على تحديات الحياة.
ب) عندما يتحدث شخص عن تجربة سيئة.
ج) عندما يتحمل شخص ما عواقب أفعاله.
د) عند تشجيع شخص على النجاح.",ب
استعرنا مشطها المرجان لقيناه مليان صيصان,احيانا نغتر بحال بعض الناس ونتفاجأ بأنهم عكس ما يظهرون,Western,"المهمة: اختر الجملة التي تُظهر الاستخدام الصحيح للعبارة.
السؤال: أي من الجمل التالية تستخدم العبارة 'استعرنا مشطها المرجان لقيناه مليان صيصان' بشكل صحيح؟
الخيارات:
أ) أنا أخذت الدفتر من صديقي ووجدته مليان أوراق.
ب) استعرنا مشطها المرجان لقيناه مليان صيصان.
ج) الاحتفالية كانت مبهجة جداً.
د) هو يحب الكتب كثيراً.",ب
الثالثة ثابتة,"تعني أن ""المحاولة الثالثة ستنجح"". ك(تنبأ)",General,"المهمة: اختر الجملة التي توضح الاستخدام الصحيح للمثل.
السؤال: أي من الجمل التالية يمكن استخدامها للإشارة إلى المحاولة الثالثة؟
الخيارات:
أ) بعد محاولتين فاشلتين، أعتقد أن الثالثة ثابتة.
ب) لم أنجح في تجربتي الثانية.
ج) لا يزال الوقت مبكراً للتخلي.
د) سأنجح في المحاولة الأولى.",أ
اقولة تيس يقول احلبة,افولة تيس يقول احلبة : يعني ماتفهم انت مافي معلوم,General,"المهمة: اختر الجواب الصحيح دون أي ملاحظات إضافية.  
السؤال: في أي سياق يمكن استخدام مثل ""اقولة تيس يقول احلبة""؟  
الخيارات:  
A) عندما يفسر شخص شيء معقد ولكن الآخرين لا يفهمونه.  
B) عندما يتحدث شخص عن تجاربه الناجحة.  
C) عندما يتحدث شخص عن العلوم والتكنولوجيا.  
D) عندما يتفاجأ شخص بتصرف غير مفهوم من آخر.",A
البيض الفاسد يتدردب على بعضو,يعني انو الناس الخربانه الفاسده تخرب الكويسيين ويسيرو فاسدين زيهم,Western,"المهمة: في أي سياق يمكن استخدام العبارة التالية؟
السؤال: 'البيض الفاسد يتدردب على بعضو' يستخدم عندما يتحدث الشخص عن:
الخيارات:
أ) تأثير الأصدقاء السيئين
ب) الطبيعة
ج) الطهي
د) الرياضة",أ
الحي يحييك والميت يزيدك غبن,تقال للمقارنة بين شخصين افعال احدهم من الحركة وتنفيذ بالعمل تبعث فيك الحياة، وآخر كسول ولا ينجز شيئاً فيصيبك بالغبن.,General,"المهمة: اختر إجابة واحدة فقط دون أي ملاحظات إضافية.
السؤال: في أي سياق قد يُستخدم المثل ""الحي يحييك والميت يزيدك غبن"" بشكل طبيعي؟
الخيارات:
A) عندما تتحدث عن الأعياد
B) عندما تتحدث عن شخص يعمل بجد
C) عندما تذكر أهمية الراحة
D) عندما تتحدث عن الهوايات",B
الخلق الدني واللسان البذي ما يفلح ولا يغتني,في ذم الشخص بذيء اللسان والأفعال,Western,"المهمة: اختر السياق المناسب لاستخدام هذا القول.
السؤال: متى يمكن استخدام القول 'الخلق الدني واللسان البذي ما يفلح ولا يغتني'؟
الخيارات:
أ) عند المدح في أخلاق الشخص
ب) عند لوم شخص بسبب تصرفاته السيئة
ج) عند الثناء على الكلام الحسن
د) عند مناقشة النجاح في الحياة",ب
الذيب على طاريه,هو مثل شعبي يقال عندما تتحدث عن شخص وهو غائب وفي نفس الوقت يأتي ذلك الشخص الذي كنت تتحدث عنه,General,"المهمة: اختر إجابة واحدة فقط دون أي ملاحظات إضافية.
السؤال: في أي سياق يمكن استخدام المثل ""الذيب على طاريه""؟
الخيارات:
A) عندما يظهر شخص فجأة بعد الحديث عنه
B) عندما يتغلب شخص على الصعوبات
C) عندما يقوم شخص بمساعدة الآخرين
D) عندما يكون شخص ما محتالًا) عندما يظهر شخص فجأة بعد الحديث عنه",A
الطول طول النخله والعقل عقل سخله,هو ان يكون الشحص ذو هيبه و وقار وطويل القامه ولكن عقله يشبه بعقل السخله السخله:هي صغير الضأن والماعز بالتالي ليس الشكل يحكم دوما على جوهر المرء، إنما منطوقه وأفعاله وما يحمله في داخله، فكل إناء بما فيه ينضح. ياتي ضرب المثل أحيانا من باب المزاح، والفكاهة؛ لكي لا نجرح غيرنا,General,"المهمة: حدد السياق المناسب لاستخدام هذا المثل.
السؤال: في أي موقف يكون من المناسب ذكر هذا المثل؟
الخيارات:
أ) عند مناقشة الأشخاص الناجحين
ب) عند الإشارة إلى شخص يمتلك مظهرًا متميزًا لكن تصرفاته غير جيدة
ج) في الحوارات السياسية
د) عند التحدث عن الرياضة",ب
الغربة كربة وهم للركبة,عن قسوة الاغتراب ومصاعبها,Western,"المهمة: اختر الجملة التي تعبر عن التعبير بشكل صحيح.
السؤال: أي من الجمل التالية تعبر عن 'الغربة كربة وهم للركبة'؟
الخيارات:
أ) السفر يفتح آفاق جديدة
ب) العيش في الغربة يسبب مشاعر الحزن والضعف
ج) الوطن يزرع السعادة في القلب
د) الغربة تعتبر فرصة للتعلم",ب
اللي ما يعرف الصقر يشويه,اللذي لا يعرف قيمة الشي يفسده او تذهب فرصته,Central,"المهمة: اختر الإجابة الصحيحة فقط دون أي ملاحظات إضافية.  
السؤال: في أي سياق يمكن استخدام المثل ""اللي ما يعرف الصقر يشويه""؟  
الخيارات:  
A) عندما يتحدث شخص عن قيمة الطيور النادرة  
B) عندما يرغب شخص في معرفه كيفية صنع القهوة  
C) عندما يصف شخص آخر أنه لا يعرف قيمة الذهب  
D) عندما يكون هناك حديث عن الطقس",C
اللي نحبه نبلع له الزلط واللي نكرهه نحاسبه على الغلط,"صيغة أخرى ""إللي تحبه تبلع له الزلط وإللي تكرهه تقعد له على الغلط"" الزلط هي الحجارة ويقصد بالمثل أن الناس يتسامحون مع أخطاء أحبابهم حبيبك يمضغ لك الزلط وعدوك يعد لك الغلط",Western,"المهمة: اختر السياق الذي يمكن أن يستخدم فيه المثل.
السؤال: في أي سياق يمكن استخدام المثل 'اللي نحبه نبلع له الزلط واللي نكرهه نحاسبه على الغلط'؟
الخيارات:
أ) عند الحديث عن الصداقة
ب) عند التحدث عن الخصومة
ج) عند مناقشة العلاقات الأسرية
د) عند وصف المغامرات",أ
النار ما تحرق الا رجل واطيها,النار لا تحرق الا من يضع رجله عليها,Central,"المهمة: اختر الاستخدام المناسب للعبارة في السياق.
السؤال: في أي موقف يمكن استخدام تعبير 'النار ما تحرق الا رجل واطيها'؟
الخيارات:
أ) عند الحديث عن تجربة شخصية في الفشل
ب) في مناقشة عن المخاطر للقوانين
ج) عند التحذير من الخطر
د) في محادثة حول الطقس",ج
الناس في الناس والعجوزه في الطلق والنفاس,يطلق هذا المثل على الي جالسه مع الشله وهم في وادي وهي في وادي,Central,"المهمة: اختر الجملة التي تعبر عن استخدام المثل بشكل سليم.
السؤال: أي من الجمل التالية تعكس استخدام المثل 'الناس في الناس والعجوزه في الطلق والنفاس'؟
الخيارات:
أ) في حفل زفاف، الجميع كان سعيدًا.
ب) بينما هم يتحدثون عن وضعهم الاجتماعي، كان هناك اختلاف واضح.
ج) كان الجميع يتناولون الطعام معًا.
د) الأطفال يلعبون في الحديقة.",ب
الي مايطول الرطب يابس عنه يقول,الذي لا يطول الرطب يابس عنه يقول تقال للشخص الذي لديه غيره كما في مثالي,Central,"المهمة: اختر الموقف المناسب لاستخدام العبارة.
السؤال: في أي موقف يمكن استخدام عبارة 'الي مايطول الرطب يابس عنه يقول'؟
الخيارات:
أ) عند الإشارة إلى شخص يتمنى شيء صعب المنال.
ب) عند التحدث عن النجاح في العمل.
ج) عند وصف شخص محب للخير.
د) عند ذكر أحداث السعادة.",أ
بدوي طاحلو في تمرة,واحد ما صدق على الله يلاقيلو شي، وما سابو.,Western,"المهمة: حدد الاستخدام الصحيح للتعبير في السياق.
السؤال: في أي موقف يمكن استخدام التعبير 'بدوي طاحلو في تمرة'؟
الخيارات:
أ) عندما تجد شيئًا غير متوقع
ب) عندما تفقد شيئًا مهمًا
ج) عندما تعيش في الريف
د) عندما تبحث عن وظيفة",أ
بعد ما أكل واتكا قال ريحته مستكا,شخص يشكي او لم يرضي عن وجبة اكلها بعد أن أكل جميع ما فيها.,Western,"المهمة: حدد الاستخدام الصحيح للجملة في السياق.
السؤال: في أي موقف يمكن استخدام الجملة: 'بعد ما أكل واتكا قال ريحته مستكا'؟
الخيارات:
أ) أثناء الحديث عن مشكلة في الطعام.
ب) عند تقييم جودة الطعام بعد الأكل.
ج) عند الإشادة بخدمة المطعم.
د) عند عرض إحدى الأطباق.",ب
بو طبيع مايجوز عن طبعه,تعني أن صاحب الطبع من الصعب والمستحيل أن يتخلى عن طبعه المعروف به.,General,"المهمة: حدد الاستخدام الصحيح للمثل.
السؤال: كيف يمكن استخدام مثل 'بو طبيع مايجوز عن طبعه' في محادثة؟
الخيارات:
أ) لما يتحدث شخص عن تغييره لعاداته.
ب) لما يتحدث شخص عن اتخاذ قرار سريع.
ج) لما يتحدث شخص عن شخصيته وعاداته.
د) لما يتحدث شخص عن نجاحاته.",ج
بيكحّلها عماها,بمعنى: أراد أن يكحلها فأعماها. تقال عندما يحاول شخص إصلاح أمر فيفسده.,General,"المهمة: اختر الإجابة الصحيحة دون أي ملاحظات إضافية.  
السؤال: في أي سياق يمكن استخدام المثل ""بيكحّلها عماها""؟  
الخيارات:  
A) عندما يحاول شخص مساعدة صديق ولكنه يسبب له مزيدًا من المتاعب.  
B) عندما يساعد شخص فقير للعيش الكريم.  
C) عندما يكون الشخص سعيدًا بحياته.  
D) عندما تتحدث العائلة في مناسبة سعيدة.  

الجواب الصحيح: A (عندما يحاول شخص مساعدة صديق ولكنه يسبب له مزيدًا من المتاعب.)",
تيتي تيتي زي ما رحتي زي ما جيتي,شخص لم يستطع القيام بمهمة كُلف بها او فشل فيها,Western,"المهمة: اختر السياق الذي يمكن استخدام العبارة فيه.
السؤال: في أي موقف يمكن أن تستخدم العبارة 'تيتي تيتي زي ما رحتي زي ما جيتي'؟
الخيارات:
أ) عندما تنجح في مشروعك
ب) عندما تواجه الفشل في أداء مهمة
ج) عند العودة من رحلة
د) في الاحتفالات",ب
جابلي أعمى يِوَنّسني بَحلَق بِعينو فَجعني,يقال هذا المثل عندما نتحسر مثلاً على خادمة جديدة وهكذا!,Western,"المهمة: حدد الحالة التي يمكن استخدام المثل فيها.
السؤال: في أي مناسبة يمكن استخدام المثل 'جابلي أعمى يِوَنّسني بَحلَق بِعينو فَجعني'؟
الخيارات:
أ) عند التحسر على خسارة
ب) عند الاحتفال بمناسبة
ج) عند الشراء
د) عند العزاء",أ
جات تكحلها عمتها,تقال عندما يريد الشخص ان يقول او يفعل شيئا ويعدله ، ولكنه يخربه أكثر,Western,"المهمة: اختر السياق المناسب لمثل 'جات تكحلها عمتها'.
السؤال: في أي حالة يمكن أن نستخدم مثل 'جات تكحلها عمتها'؟
الخيارات:
أ) عند إصلاح سيارة.
ب) عند محاولة الطهي.
ج) عند اتخاذ قرار خاطئ.
د) عند القيام بمشروع جديد.",ج
جاك يا مهنى ماتمنى,مثل يُقال عندما يأتيك شيء تتمناه وخصوصاً اذا أتاك بسهوله أو مصادفه تتمناها,General,"المهمة: اختر الجملة التي تحتوي على مثل ""جاك يا مهنى ماتمنى"" بطريقة طبيعية.  
السؤال: أي من العبارات التالية تستخدم هذا المثل بشكل صحيح؟  
الخيارات:  
A) أريد شراء سيارة جديدة، لكن الأسعار مرتفعة.  
B) حصل صديقي على فرصة عمل رائعة، جاك يا مهنى ماتمنى!  
C) لم أتمكن من السفر كما كنت أتمنى.  
D) الأمطار كانت غزيرة هذا العام.) حصل صديقي على فرصة عمل رائعة، جاك يا مهنى ماتمنى!",B
حبسوه في كيس مع ابليس طلع ابليس منه يستغيث,عن دهاء وخبث وشر بعض الناس,General,"المهمة: حدد السياق المناسب لاستخدام المثل.
السؤال: في أي موقف يمكن استخدام المثل 'حبسوه في كيس مع ابليس طلع ابليس منه يستغيث'؟
الخيارات:
أ) عند الحديث عن الخداع والمكائد
ب) عند الاحتفال بالنجاح
ج) عند وصف الطبيعة الخلابة
د) عند الحديث عن الصداقات العميقة",أ
حرك تبلش,تقال حينما يعبث الشخص بشي وينتج عنه تلف او تغيير سلبي له,Central,"المهمة: اختر الجملة التي يستخدم فيها مصطلح 'حرك تبلش' بشكل صحيح.
السؤال: أي من الجمل التالية يتضمن الاستخدام الصحيح لمصطلح 'حرك تبلش'؟
الخيارات:
أ) هو حرك تبلش في الاختبار.
ب) لا تحرك تبلش في الأثاث.
ج) هي حركت تبلش في المشروع.
د) حرك تبلش عندما تكون الأمور صعبة.",ب
حزمة كراث ولا صنيعة نخولي,الرضا بالقليل أفضل من طلب المعروف من غير أهله، ,General,"المهمة: حدد السياق الذي يمكن استخدام العبارة فيه.
السؤال: في أي موقف يمكنك قول 'حزمة كراث ولا صنيعة نخولي'؟
الخيارات:
أ) عند استلام هدية كبيرة
ب) عند تناول الطعام مع الأصدقاء
ج) عندما تشعر بالامتنان لقليل من المساعدة
د) عندما تحضر حفلة فاخرة",ج
خطط في ماء واقبص في حيد,مثل شعبي قديم ومعروف لدى أهالي منطقة عسير يقال عندما يشعر الشخص باليأس من جدوى الحديث والنصيحة لشخص ما,Southern,"المهمة: تحديد السياق المناسب لاستخدام المثل.
السؤال: في أي موقف يُفضل استخدام المثل 'خطط في ماء واقبص في حيد'؟
الخيارات:
أ) عند الحديث عن المشاريع الناجحة
ب) عند التحذير من الإحباط
ج) عند تقديم النصائح
د) عند الاحتفال بالنجاح",ب
خليك على قردك لا يجيك أقرد منه,مثل حجازي تعني : اصبر على ما ابتلاك الله به حتى لا يأتيك ما هو أبلى!,Western,"المهمة: اختر السياق المناسب لاستخدام هذا المثل.
السؤال: في أي موقف يمكنك استخدام مثل 'خليك على قردك لا يجيك أقرد منه'؟
الخيارات:
أ) عند اتخاذ قرار بالتخلي عن وظيفة
ب) عند التحدث عن الزواج
ج) عند الحديث عن المشاكل المالية
د) عند نصح صديق بالبقاء في علاقة عاطفية",أ
دقه بدقه و لو زدت زاد السقا,مثل يعني العين بالعين و السن بالسن و له قصة مشهوره,Central,"المهمة: اختر الاستخدام المناسب للمثل.
السؤال: في أي موقف يمكن استخدام المثل 'دقه بدقه و لو زدت زاد السقا'؟
الخيارات:
أ) عند الحديث عن الصداقة
ب) عند نقاش موضوع العدل
ج) عند التخطيط للسفر
د) عند التحدث عن الزراعة",ب
ذكرنا القط قام ينط,تكلمنا عن حد وجا بنفس اللحظه,Western,"المهمة: حدد الاستخدام السياقي المناسب للجملة.
السؤال: في أي سياق يمكن استخدام الجملة 'ذكرنا القط قام ينط'?
الخيارات:
أ) عند وصف موقف مضحك
ب) عند الحديث عن الحيوانات
ج) عند شرح قصة حدثت مؤخراً
د) عند التفكير في الأرقام",ب
رضينا بالهم والهم ما رضي بنا,رضينا بالهم والهم ما رضي بنا,General,"المهمة: اختر السياق المناسب لاستخدام المثل.
السؤال: في أي موقف يمكن استخدام المثل 'رضينا بالهم والهم ما رضي بنا'؟
الخيارات:
أ) عندما نكون سعداء
ب) عند مواجهة صعوبات الحياة
ج) في مناسبة اجتماعية
د) عندما نتحدث عن النجاح",ب
ريحة ابو علي ولا عدموو,ريحة ابو علي ولا عدمو : الشي القليل خير من عدم وجوده اصلاََ,Western,"المهمة: حدد الاستخدام الصحيح للجملة.
السؤال: متى يمكن أن نستخدم تعبير 'ريحة ابو علي ولا عدمو'؟
الخيارات:
أ) عند الحديث عن الاختيارات السيئة
ب) عند المقارنة بين الأشياء المتاحة
ج) عند ذكر الطقس
د) عند المبالغة في وصف الطعام",ب
ستي رئيتها ما نقص عليا الا جدران بيتها .,هذه العباره تستخدم في التعبير عن كثرة رؤية الاشخاص يومياً مثل الاصحاب . على سبيل المثال . عندما ارى صديقتي يومياً . تقول لي والتي هذا المثل . انه لم ينقص عليكي الا ان تذهبي وتري حائط منزلها,Western,"المهمة: حدد الاستخدام المناسب للعبارة في سياق معين.
السؤال: في أي موقف يمكن استخدام العبارة 'ستي رئيتها ما نقص عليا الا جدران بيتها'?
الخيارات:
أ) عندما تقابل أصدقائك في المدرسة
ب) عندما تزور شخص ما بانتظام
ج) عندما تتحدث عن ذكريات الطفولة
د) عندما تتسوق في المركز التجاري",ب
ضربني وبكى سبقني و شكى,ضربني وبكى سبقني و شكى,General,"المهمة: حدد السياق الأنسب لاستخدام المثل 'ضربني وبكى سبقني و شكى'.
السؤال: في أي موقف يمكن استخدام المثل 'ضربني وبكى سبقني و شكى'؟
الخيارات:
أ) عند وصف شخص يتعرض للظلم
ب) عند مناقشة أهمية الصداقة
ج) عند التحدث عن خيانة الأصدقاء
د) في سياق المنافسة الرياضية",أ
على طمام المرحوم,إذا سألك واحد عن شي وتجيبه أن الأمر كما هو عليه لم يتغير .,Central,"المهمة: حدد السياق المناسب لاستخدام عبارة 'على طمام المرحوم'.
السؤال: في أي حالة يمكن استخدام عبارة 'على طمام المرحوم'؟
الخيارات:
أ) عندما الأمور تسير على ما يرام
ب) عندما يحدث تغيير كبير
ج) عند حدوث أزمة
د) عندما تشعر بالقلق",أ
عليه من الله ظل,قليل الحيله و الفهم ، وقد يوصف به الاحمق الذي لا يعي ما يعمل او لا يعي نتائج ما يعمل,Central,"المهمة: اختر السياق المناسب لاستخدام التعبير.
السؤال: في أي حالات يمكن أن تستخدم العبارة 'عليه من الله ظل'؟
الخيارات:
أ) عند وصف شخص ناجح
ب) عند الحديث عن شخص يفتقر إلى الحيلة
ج) في مديح شخص آخر
د) عند الحديث عن شخص محترف",ب
عمية تحفف مجنونه و تقلها حواجبك سود و مقرونة,شخص غير مؤهل يقود شخص أو أشخاص غير مؤهلين للقيام بالعمل,Central,"المهمة: في أي سياق يُستخدم المصطلح؟
السؤال: في أي موقف يمكنك أن تستخدم عبارة 'عمية تحفف مجنونه و تقلها حواجبك سود و مقرونة'؟
الخيارات:
أ) أثناء مناقشة عن التعليم
ب) عند الحديث عن الأزياء
ج) عند وصف شخص غير مؤهل
د) في حديث عائلي",ج
عنز بدو طاحت في مريس,هذا المثل يقال للشخص اذا ادمن بشكل مبالغ فيه على فعل او اكل شي جديد,Central,"المهمة: اختر السياق المناسب لاستخدام المثل.
السؤال: في أي حالة يمكن استخدام المثل 'عنز بدو طاحت في مريس'؟
الخيارات:
أ) عندما يفرط شخص في تناول الطعام
ب) عندما ينجح شخص في دراسة
ج) عند إظهار الحزن
د) عندما يتم مدح شخص",أ
تفكر الشغلة .نجارة.يضرب بالقدوم ويمسح بالفارة,ليس الأمر بذ بغاية السهولة,Western,"المهمة: اختر الاستخدام الصحيح للعبارة.
السؤال: أين يمكن استخدام العبارة 'يضرب بالقدوم ويمسح بالفارة' بشكل صحيح؟
الخيارات:
أ) في ورشة النجارة
ب) في المدرسة
ج) على الطاولة
د) في المطعم",أ
قال للغلباوي اسكت وأعطيك ريال ، قال خذ خمسة وخليني اتكلم,مثل يقال للشخص كتير الكلام واللي ما يسكت لو ايش ما تسوي فيه ^^,General,"المهمة: اختر الاستخدام الصحيح للمثل في السياق.
السؤال: في أي حال يمكن استخدام هذا المثل؟
الخيارات:
أ) عند صدور حديث طويل عن شخص
ب) أثناء تناول الطعام مع الأصدقاء
ج) عند التحدث عن الدراسة
د) أثناء مشاهدة التلفاز",أ
قرعة الساقي,يطلق على الشي الذي يكلف اكثر من قيمته,Central,"المهمة: اختر الاستخدام الصحيح لعبارة 'قرعة الساقي' في الجملة.
السؤال: اختبر الجملة التالية: 'اشتريت سيارة جديدة، لكني دفعت ________.'
الخيارات:
أ) قرعة الساقي
ب) كل ريال يستاهل
ج) رخيصة
د) قديمة",أ
قفا الصديق ولا وجه العدو,اذا احد لقى قفاه لعمل ينجزه يقول لك: العذر والسموحه ملقيك قفاي يكون الرد: قفا الصديق ولا وجه العدو,Central,"المهمة: في أي سياق يمكن استخدام عبارة 'قفا الصديق ولا وجه العدو'؟
السؤال: متى يُستخدم هذا القول؟
الخيارات:
أ) عند الاعتذار
ب) عند انجاز الأعمال
ج) عند التعارف
د) عند المخاطبة",أ
كبرت يا بس و صرت تخربش,يقال لهؤلاء الناس الذين يعتقدون ان بمعرفتهم الصغيرة ربما يستطيعون مجارة الكبار,Central,"المهمة: اختر السياق الصحيح لاستخدام العبارة:
السؤال: متى يمكن قول 'كبرت يا بس و صرت تخربش'؟
الخيارات:
أ) أثناء الحديث مع شخص ناضج
ب) عند التحدث مع أصدقاء في المدرسة
ج) عند الحديث عن موضوعات عميقة
د) عند استماع شخص إلى نصيحة",ب
كل حشفة و لها مقرمش,كل شخص له نصيب من الزواج حتى ولو كان غبيا او كريها او بشعا فيقال هذا المثل دعما لذلك الحشفة هي قطعة نااشفة من الخبر,Western,"المهمة: حدد في أي سياق يُستخدم هذا المثل.
السؤال: متى يمكن استخدام المثل 'كل حشفة و لها مقرمش'؟
الخيارات:
أ) عند الحديث عن الكتب
ب) عند التحدث عن الزواج
ج) عند مناقشة المال
د) عند الحديث عن النجاح",ب
كل واحد يشل شيلتة,يدل ذلك على ان كل واحد مسؤؤول عن افعالة,General,"المهمة: اختر الخيار الذي يناسب سياق العبارة.
السؤال: في أي سياق يستخدم المصطلح 'كل واحد يشل شيلتة'؟
الخيارات:
أ) في نقاش حول المسؤولية الشخصية
ب) في حفل زفاف
ج) في مباراة كرة قدم
د) في درس عن التعاون",أ
لا تتريق الا على صايم مصلي,تقال للتحذير بانه كل شخص تستهزء بيه يوم حتلاقي الشي سار فيك,Western,"المهمة: اختر السياق المناسب لاستخدام المثل.
السؤال: في أي موقف يُفضل قول 'لا تتريق الا على صايم مصلي'؟
الخيارات:
أ) عند الدعوة لتناول الطعام
ب) عند مناقشة احترام الآخرين
ج) عند السخرية من شخص يؤدي شعائر دينية
د) عند اللعب مع الأصدقاء",ج
لا تحط عصك في شي ما يخصك,اي بمعنى لا تتدخل في امور لا تعنيك وتصبح في مشاكل انت في غنى عنها,Western,"المهمة: اختر فقط إجابة واحدة بدون أي ملاحظات إضافية.  
السؤال: اختر جملة تناسب استخدام المثل ""لا تحط عصك في شي ما يخصك"":  
  الخيارات:  
  A) يجب أن أتدخل في مشكلتهم.  
  B) من الأفضل أن أبتعد عن خلافاتهم.  
  C) سأساعدهم في حل مشاكلهم.  
  D) لا تأخذ الأمور بجدية.",B
لا تسنِّد للبعير، ولا تنحّي للحنش,(عند أهل السراة): الأولى: أي إذا لحقك البعير (الجمل) غاضباً لا تسنّد له مرتفع لأن الجمل سيستطيع اللحاق بك بعكس لو هبطت به منخفض سيتردى على وجهه لو أسرع ورائك. والثانية: ولا تنحي للحنش أي إذا لحق بك ثعبان لا تهبط به منخفض لأنه سينطلق عليك بسرعه هائلة ويدركك، بل أهرب منه صاعداً لأن الصعود يرهقه فلا يستطيع اللحاق بك.,Southern,"المهمة: اختر إجابة واحدة فقط دون أي ملاحظات إضافية.
السؤال: أي الجمل التالية تُستخدم فيها عبارة ""لا تسنِّد للبعير، ولا تنحّي للحنش"" بشكل صحيح؟
A) كان خالد يتسلق الجبل فحذره صديقه قائلاً: ""لا تسنِّد للبعير، ولا تنحّي للحنش، فقد تسقط!""
B) نصح الأب ابنه عند التعامل مع المشكلات قائلاً: ""لا تسنِّد للبعير، ولا تنحّي للحنش، فالحكمة ضرورية!""
C) حين رأى سالم ثعبانًا يلاحقه، تذكر قول جده: ""لا تسنِّد للبعير، ولا تنحّي للحنش"" فصعد المرتفع بسرعة.
D) قال المعلم لطلابه: ""لا تسنِّد للبعير، ولا تنحّي للحنش، فالعمل الجماعي أفضل دائمًا."") حين رأى سالم ثعبانًا يلاحقه، تذكر قول جده: ""لا تسنِّد للبعير، ولا تنحّي للحنش"" فصعد المرتفع بسرعة.",C
لبس له جلد النمره,تهیاوا للهجوم له و اعدوا للحرب له و تعصبوا لذلک,Central,"المهمة: في أي سياق يُفضل استخدام العبارة؟
السؤال: متى يمكن استخدام عبارة 'لبس له جلد النمره'؟
الخيارات:
أ) عندما يكون هناك احتفال
ب) عند الاستعداد لمواجهة صعبة
ج) في سياق السخرية
د) عند الحديث عن الطعام",ب
لما فرقوا الذوق كان جالس فوق,تقال على الشخص عديم الذوق ومعناه أنه لم يأخذ نصيبه من الذوق عندما أخذ الكل نصيبهم لأنه كان غائبا,Western,"المهمة: اختر الجملة التي تستخدم فيها العبارة بشكل صحيح.
السؤال: أي من الجمل التالية تستخدم العبارة 'لما فرقوا الذوق كان جالس فوق' بشكل صحيح؟
الخيارات:
أ) كان المعلم يشرح الدرس يوم السبت.
ب) صديقتي لم تأتي للحفلة، لذا لم نشعر بجو السعادة.
ج) دائماً يتحدثون عني وأنا جالس عندهم.
د) لما فرقوا الذوق كان جالس فوق وحسرتي على غيابه.",د
ما تطيح السقيفة إلا على الضعيفة,يعني لا يتحمل المصائب إلا الضعفاء وينجوا منها الأقوياء وأصحاب النفوذ,Central,"المهمة: اختر السياق المناسب لاستخدام المثل.
السؤال: في أي موقف قد نقول 'ما تطيح السقيفة إلا على الضعيفة'؟
الخيارات:
أ) عند الحديث عن الفشل في العمل
ب) عند النجاح في الامتحان
ج) عند تقديم المساعدة
د) عند تعرض شخص قوي لموقف صعب",أ
ما دون الحلدز إلا اليدين,هذا المثل يقال إذا بلغ السيل الزبى، وإذا انتهت كل السبل في محاولة تجنبك لهذا الأمر، فإذا لم يكن هناك طريق إلا هذا الطريق ولو كان خطأً أو خطرًا فاسلكه. فما دون الحلدز إلا اليدين.,General,"المهمة: اختر الجملة التي تستخدم المثل 'ما دون الحلدز إلا اليدين' بشكل صحيح.
السؤال: أي من الجمل التالية تعبر عن استخدام المثل بشكل صحيح؟
الخيارات:
أ) كان هناك الكثير من الحلول، لكنه اختار الأسلم.
ب) بعد فشل كل الخيارات، كان عليه أن يسلك الطريق الذي يبدو خطيراً.
ج) كان الأصدقاء يتشاركون الأفكار الجيدة.
د) كان على البائع أن ينتظر حتى يأتي الزبون.",ب
ما في شي ببلاش غير العمى والطراش,المثل واضح ما يحتاجلو شرح . هو بس انو كل شي صاير بفلوس وما في حاجة ببلاش,Western,"المهمة: اختر الجملة المناسبة التي تعبر عن استخدام المثل.
السؤال: في أي من الجمل التالية يمكن استخدام المثل 'ما في شي ببلاش غير العمى والطراش'؟
الخيارات:
أ) اشتريت كل شيء بمبلغ كبير.
ب) وجدت شيئاً نادراً في السوق.
ج) لا أصدق أنه أعطاني هذا مجاناً.
د) تكلمت مع صديقي عن حاجته للمال.",ج
ما فيها غير صوير وعوير واللي ما فيه خير,عندما تكون كل الخيارات سيئة,General,"المهمة: اختر الجملة المناسبة التي يمكن استخدامها مع هذا المثل.
السؤال: أي من الجمل التالية يعبر عن نفس المعنى لجملة 'ما فيها غير صوير وعوير واللي ما فيه خير'؟
الخيارات:
أ) الخيارات كلها ممتازة
ب) الخيارات ليست جيدة
ج) يوجد الكثير من الاختيارات
د) الوضع أفضل الآن",ب
ما ورى بيشة عيشة,مثل يقال لمن لا تتنظر منه شي ينفع. اذا كان طلبك او حاجتك عند شخص او شيء لا تتوقع منه ان يجيب لك نتيجة، تقول ما ورى بيشة عيشة.,Southern,"المهمة: اختر إجابة واحدة فقط دون أي ملاحظات إضافية.
السؤال: أي الجمل التالية تُستخدم فيها عبارة ""ما ورى بيشة عيشة"" بشكل صحيح؟
A) حاول علي إقناع زميله بمساعدته، لكنه رفض، فقال: ""ما ورى بيشة عيشة.""
B) انتقل خالد إلى بيشة للعمل في التجارة، ففرح قائلاً: ""ما ورى بيشة عيشة!""
C) قال المعلم لطلابه: ""ما ورى بيشة عيشة، لذا عليكم الاجتهاد في دراستكم!""
D) اشترت سارة منزلاً جديداً في بيشة، فكتبت في مذكراتها: ""ما ورى بيشة عيشة."") حاول علي إقناع زميله بمساعدته، لكنه رفض، فقال: ""ما ورى بيشة عيشة.""",A
ما يعرف راصو من ساسو,لا يعرف رأسه من قدميه.,Central,"المهمة: اختر الجملة التي يمكن استخدامها فيها المثل بشكل صحيح.
السؤال: أي جملة تستخدم فيها 'ما يعرف راصو من ساسو'؟
الخيارات:
أ) عندما يتحدث شخص عن تفاصيل عمله.
ب) عندما يواجه شخص موقفاً معقداً.
ج) عندما يناقش شخص آخر علم الفلك.
د) عند عدم معرفة شخص بمكانه.",ب
ماتلقى الغنج الا عند الحمير العرج,مثال جميل يقال عند رؤية شخص يتدلع و يتغنج و هوا غير أهل لهذا الفعل,Western,"المهمة: حدد السياق المناسب لاستخدام المثل.
السؤال: في أي سياق يمكن قول 'ماتلقى الغنج الا عند الحمير العرج'؟
الخيارات:
أ) عند رؤية شخص مغرور
ب) عند مشاهدة شخص يتدلل
ج) عند الإحتفال
د) عند الفشل في امتحان",ب
ماخص من قديد الا عسفان,ترجمتها بالفصحى ليس اسوأ من ( قديد ) سوى ( عسان ) و(قديد) و(عسفان) هي اسماء قرى في الحجاز شمال مكة المكرمة ب كيلو تقريبا . ويضرب هذا المثل لوصف شيئين كلاهما اسوأ من الاخر . ولا اعلم تحديدا سبب التسمية .,Western,"المهمة: اختر الجملة التي تُظهر الاستخدام الصحيح للمثل.
السؤال: أي من الجمل التالية تستخدم المثل 'ما خص من قديد الا عسفان' بشكل صحيح؟
الخيارات:
أ) الجو اليوم جميل جداً.
ب) أختار بين السيارتين الجديدتين، بس جودتهن مثل 'ما خص من قديد الا عسفان'.
ج) الأكل في المطعم كان لذيذاً.
د) كانت الأمسية ممتعة.",ب
مد رجولك على قد لحافك,اكتفي بما عندك أو لا تتوهم شيئا فوق استطاعتك.,Central,"المهمة: اختر السياق المناسب للاستخدام.
السؤال: في أي موقف يمكن استخدام التعبير 'مد رجولك على قد لحافك'؟
الخيارات:
أ) عند الحديث عن خطط السفر
ب) عند المناقشة حول الميزانية الشخصية
ج) عند الاستعداد للامتحانات
د) عند تنظيم حفلة كبيرة",ب
من جرف لدحديرة، يا قلبي لا تحزن,يخرج من مصيبة ليدخل في مصيبة أخرى.,Western,"المهمة: اختر السياق المناسب للمثل.
السؤال: في أي موقف يمكن استخدام المثل 'من جرف لدحديرة، يا قلبي لا تحزن'؟
الخيارات:
أ) عند فقدان وظيفة.
ب) عند تلقي خبر جيد.
ج) عند الحديث عن النجاح.
د) عند البدء في مشروع جديد.",أ
من طق الباب لقى الجواب,لكل فعل ردة فعل مساوة له بالمقدار و معاكسة له بالاتجاه,Central,"المهمة: اختر السياق المناسب لاستخدام المثل.
السؤال: في أي حالة من الممكن استخدام المثل 'من طق الباب لقى الجواب'؟
الخيارات:
أ) عندما يتحدث شخص عن الدعم المالي
ب) عندما يستعد شخص لمقابلة عمل
ج) عند محاولة حل مشكلة على مستوى الأسرة
د) عند التحدث عن فوائد الرياضة",ج
مين خرج من داره قل مقداره,إلي يمشي من عند ناسوا، يقل قدره,Western,"المهمة: أين يمكن استخدام المثل: 'مين خرج من داره قل مقداره'؟
السؤال: في أي موقف يمكن استخدام المثل 'مين خرج من داره قل مقداره'؟
الخيارات:
أ) عند الحديث عن أهمية الصداقة
ب) عند فعل الخير
ج) عند الانتقال إلى مدينة جديدة
د) عند مناقشة أهمية العائلة",ج
مين شايفك ياللي في الضلام تغمز,مثل يقال عند رؤية شخص يفعل فعلا على غير فائدة,Western,"المهمة: اختر السياق الصحيح لاستخدام المثل.
السؤال: في أي سياق يُستخدم المثل 'مين شايفك ياللي في الضلام تغمز'؟
الخيارات:
أ) عند توجيه نصيحة لأحد
ب) عند الإشارة إلى شخص لا يفيد مجتمعه
ج) عند التهاني في مناسبة
د) عند الحديث عن النجاح",ب
نظرةٌ إلى ميسرة,يقال عند تأجيل الامور الى وقت غير معلوم .يعني لمن ربنا يحلها,Central,"المهمة: اختر الجملة التي تستخدم فيها العبارة بشكل صحيح.
السؤال: أي من الجمل التالية تحتوي على استخدام صحيح لعبارة 'نظرةٌ إلى ميسرة'؟
الخيارات:
أ) أحاول دائماً أن أكون واضحاً في قراراتي، لكن في بعض الأحيان أحتاج إلى نظرةٌ إلى ميسرة.
ب) قررت بسرعة دون نظرةٌ إلى ميسرة.
ج) أفضل الجلوس مع الأصدقاء بدلاً من استخدام نظرةٌ إلى ميسرة.
د) سوف أطبق نظرةٌ إلى ميسرة على مشروعي.",أ
ننقر نقر الغراب، ومالنا كون التراب,يعني صلاتنا سريعة ولا لنا منها غير التراب لان الصلاة غير مقبولة وبدون خشوع,General,"المهمة: اختر الجملة التي تستخدم بشكل صحيح العبارة 'ننقر نقر الغراب'.
السؤال: في أي سياق يمكنك استخدام العبارة 'ننقر نقر الغراب'؟
الخيارات:
أ) عندما نتحدث عن الصلاة
ب) عندما نتحدث عن الرحلات
ج) عندما نتحدث عن الطعام
د) عندما نتحدث عن السفر",أ
ولد حاره يفهم بالإشاره,بالفصحى =ابن حي شعبي يفهم بالاشاره بمعنى انه ابناء الاحياء الشعبيه بمجرد الاشاره للشيء يفهمه,Western,"المهمة: اختر الجملة التي تستخدم العبارة بشكل صحيح.
السؤال: أي من الجمل التالية تحتوي على استخدام صحيح للعبارة 'ولد حاره يفهم بالإشاره'؟
الخيارات:
أ) أخي في المدرسة له ولد حاره يفهم بالإشاره.
ب) جاء الولد ليلعب مع أصدقائه بعد المدرسة.
ج) ولد حاره يفهم بالإشاره في سوق الحارة.
د) الجملة غير صحيحة.",ج
يا اطخو يا اكسر مخو,مثل يقولو لما الواحد ما يكون عندو حل وسط يعني يخربها يخربها,Western,"المهمة: اختر الجواب الصحيح دون أي ملاحظات إضافية.
السؤال: أي من المواقف التالية يعكس معنى المثل ""يا اطخو يا اكسر مخو"" في الثقافة الحجازية؟
الخيارات:
A) شخص إما أن يدرس 10 ساعات متواصلة أو لا يفتح الكتاب أبدًا.
B) شخص يخصص وقتًا ثابتًا يوميًا للدراسة والمراجعة.
C) شخص يتناقش مع زملائه للوصول إلى حل وسط.
D) شخص يوازن بين الترفيه والعمل بطريقة منظمة.",A
يا حبا يا دبا,يطلق هذا المثل ع الي ماعنده حل وسط في حياته,Central,"المهمة: في أي سياق يمكن استخدام المثل 'يا حبا يا دبا'؟
السؤال: متى يُفضل قول هذا المثل؟
الخيارات:
أ) عندما ينصح شخص ببعض الخيارات
ب) عندما يتحدث شخص عن المشكلة
ج) عندما يواجه شخص موقفًا صعبًا
د) عندما يتعامل شخص مع الحب",ج
يا شين السرج على البقر,يا شين السرج على البقر : يطلق على من تلبّس بلباس هو ليس بكفء له، فالسرج للخيل زينة وأبهة، أما على البقر فقبيح لا حاجة له.,General,"المهمة: اختر إجابة واحدة فقط دون أي ملاحظات إضافية.
السؤال: أي الجمل التالية تُستخدم فيها عبارة ""يا شين السرج على البقر"" بشكل صحيح؟
A) دخل فهد إلى الاجتماع بملابس رسمية أنيقة تناسب مكانته، فقال زملاؤه: ""يا شين السرج على البقر.""
B) قرر سالم شراء بدلة رسمية لحضور حفل راقٍ، لكنه لم يكن يبدو مرتاحًا فيها، فقال أحدهم: ""يا شين السرج على البقر.""
C) ارتدت الطالبة زي مدرستها الرسمي وحصلت على الثناء من معلمتها التي قالت: ""يا شين السرج على البقر.""
D) اشترى أحمد حصانًا أصيلًا وزينه بسرج فخم، فعلق صديقه قائلاً: ""يا شين السرج على البقر."") قرر سالم شراء بدلة رسمية لحضور حفل راقٍ، لكنه لم يكن يبدو مرتاحًا فيها، فقال أحدهم: ""يا شين السرج على البقر.""",B
يا غزال بالقماري وين غزالك بالنهاري,يقال حين يفعل المرء شيئاً في غير وقته,Central,"المهمة: اختر السياق الصحيح لاستخدام العبارة.
السؤال: في أي سياق يمكن استخدام 'يا غزال بالقماري وين غزالك بالنهاري'؟
الخيارات:
أ) أثناء العزاء
ب) في حفل زفاف
ج) عند التعجب من تصرفات شخص
د) أثناء النقاش حول الأوقات المناسبة للفعل",د
يا قلبي يا كتكت ياما تشوف و تسكت.,أن ترى أشياء كثيرة و تحفظها كسر أو تتغاضى عنها.,Western,"المهمة: اختيار السياق المناسب لاستخدام العبارة.
السؤال: في أي موقف يمكن استخدام عبارة 'يا قلبي يا كتكت ياما تشوف و تسكت'؟
الخيارات:
أ) أثناء الحديث عن الحب
ب) أثناء مناقشة المشاكل
ج) عند تناول الطعام
د) عند مشاهدة منظر جميل",ب
يا ما حبى يا ما برك,يعني اما ابيض والا اسود. مافيه حل وسط حبى تعني الحبو ، حبو الطفل برك تعني كما تبرك الناقة عند جلوسها,Central,"المهمة: اختر الجملة التي تستخدم 'يا ما حبى يا ما برك' في سياق صحيح.
السؤال: في أي من الحالات التالية يمكن استخدام 'يا ما حبى يا ما برك'؟
الخيارات:
أ) عندما تتحدث عن الخيارات المتعددة
ب) عندما يتوجب عليك اتخاذ قرار صعب
ج) عندما تتحدث عن الطقس
د) عندما تشرح مفهوم الحب",ب
يا من شراله من حلاله علّة,مثل شعبي يقال لمن يشتري شيء بماله ويسبب له هذا الشيء المتاعب.,General,"المهمة: اختر الجملة التي يمكن استخدام المثل فيها.
السؤال: أي من الجمل التالية يمكن استخدام المثل 'يا من شراله من حلاله علّة' فيها؟
الخيارات:
أ) كان عندي مبلغ كبير وقررت أشتري لابتوب لكن واجهت مشاكل فيه
ب) اشتريت سيارة جديدة وكنت سعيداً بها
ج) أراهن أنك ستربح في المسابقة
د) أحب الموضة وأشتري الكثير من الملابس",أ
ياطخو يا اكسر مخو,يطلق هذا المثل على الشي الي يعني مافي حل وسط,Western,"المهمة: حدد الاستخدام المناسب لهذا المثل في سياق معين.
السؤال: في أي موقف يمكنك استخدام المثل 'ياطخو يا اكسر مخو'؟
الخيارات:
أ) عند اتخاذ قرار مصيري
ب) عندما تفكر في شراء شيء
ج) عند التحدث مع صديق
د) عند التفاوض على شيء",أ
يعرج العبد من برطمه,حينما يبحث الشخص عن حجة لا تناسب الموضوع,Central,"المهمة: اختر السياق الأنسب الذي يمكن استخدام المثل فيه.
السؤال: في أي موقف يمكن أن نقول 'يعرج العبد من برطمه'؟
الخيارات:
A) عندما يطلب أحدهم المساعدة في عمل صعب
B) عندما يبالغ شخص في التعبير عن فرحته
C) عندما يحاول شخص التهرب من المسؤولية بحجة غير منطقية
D) عندما يُكافأ شخص على عمله المتقن) عندما يحاول شخص التهرب من المسؤولية بحجة غير منطقية",C
اللقمة في الفاقة أحسن من الناقة,الشيء القليل في وقته المناسب أفضل من الكثير في غير وقته.,General,"المهمة: اختر الاستخدام الصحيح للمثل في سياق مناسب.
السؤال: أي جملة تستخدم مثل (اللقمة في الفاقة أحسن من الناقة) استخدامًا صحيحًا؟
الخيارات:
أ) وصلتني مساعدة بسيطة وقت ضيقي، فعلًا اللقمة في الفاقة أحسن من الناقة
ب) اشتريت سيارة جديدة وقلت اللقمة في الفاقة أحسن من الناقة
ج) سافرت سياحة وقلت اللقمة في الفاقة أحسن من الناقة
د) أكلت كثير وقلت اللقمة في الفاقة أحسن من الناقة",أ
