Term,Meaning_of_term,Dialect type,True_False_question,correct_answer
إذا حجت البقرة على قرونها,بمعنى المستحيل ولايمكن وقوعة,General,"المهمة: اختر إجابة واحدة فقط دون أي ملاحظات إضافية.
السؤال: يشير المثل ""إذا حجت البقرة على قرونها"" إلى شيء مستحيل أو غير قابل للتحقيق.
الخيارات:
A) صح
B) خطأ) صح",A
أَدْنَى حَمُول غَانا راعِيه,(عند أهل السراة) تستخدم بمعنى أن الأنسان يعيش على أدنى الميسور والموجود. وهي تفيد القناعة. أدنى: أقل. حمول: ما يحمل على الجمل وهي هنا ما تقتنيه. غانا: لغة في أغنى. راعيه: صاحبه.,Southern,"المهمة: اختر إجابة واحدة فقط دون أي ملاحظات إضافية.
السؤال: يدل المثل ""أدْنَى حَمُول غَانا راعِيه"" على أن الطمع والجشع يؤديان إلى الفقر.
الخيارات:
A) صح
B) خطأ) خطأ",B
أن كان مالك من ذراعك نجده شربك على يدين الرجال هماج,هي بالأساس بيت قصيد، لكن أُستخدم كمثل ومعناها أنك ستتعرض للمذلة، أن لم تعتمد على نفسك,Central,"المهمة: اختر إجابة واحدة فقط دون أي ملاحظات إضافية.
السؤال: يشير المثل ""إن كان مالك من ذراعك نجده، شربك على يدين الرجال هماج"" إلى أهمية الاتكال على الآخرين في تحقيق النجاح.
الخيارات:
A) صح
B) خطأ) خطأ",B
إلي يجيك أحسن من إلي ترحلو,مثل معناه: إلي يفكر فيك أحسن من إلي تفكر فيه.,Western,"المهمة: حدد ما إذا كانت العبارة صحيحة أو خاطئة.
السؤال: المثل 'إلي يجيك أحسن من إلي ترحلو' يعني أن الشخص الذي يهتم بك أفضل ممن تتركه.
الخيارات:
أ) صحيح
ب) خاطئ",أ
ابن صلمعه بن قلمعه ما تنفع معاه الحيل المجمعه,وصَلْمَعةُ‎ ‎بن‎ قَلْمَعةَ: كناية عمن لا يعرف ولا يُعْرَفُ أَبوه وهذا المثل يقال عند ذم الشخص,Central,"المهمة: حدد ما إذا كانت العبارة صحيحة أم خاطئة.
السؤال: المثل 'ابن صلمعه بن قلمعه' يُستخدم لمدح الأشخاص.
الخيارات:
أ) صحيح
ب) خطأ",ب
ابو فرفور ذنبو مغفور,اللي نحبه نغفرله كل شي,Western,"المهمة: حدد ما إذا كانت العبارة صحيحة أم خاطئة.
السؤال: العبارة 'ابو فرفور ذنبو مغفور' تعني أن الشخص لن يُعاقب على أخطائه.
الخيارات:
أ) صحيح
ب) خاطئ",أ
اجري يا مشكاح للي قاعد مرتاح,المِشْكاح يُراد به كثير السعي والحركة، ويُضرب لمن يأتيه رزقه من سعي غيره بلا طلب منه,Western,"المهمة: حدد ما إذا كانت العبارة صحيحة أم خاطئة.
السؤال: المثل 'اجري يا مشكاح للي قاعد مرتاح' يعني أن الشخص يعذب نفسه بدون سبب.
الخيارات:
أ) صحيح
ب) خاطئ",ب
ازا اكلو العنب عليك قول حامض,تنقال لماً واحد يقعد متكرن عشان فاتو شي حلو مثل مشهور في الطايف,Western,"المهمة: حدد ما إذا كانت العبارة صحيحة أم خاطئة.
السؤال: يستخدم المثل 'ازا اكلو العنب عليك قول حامض' للإشارة إلى الشخص الذي يحاول إرضاء الآخرين.
الخيارات:
أ) صحيح
ب) خاطئ",ب
استعرنا مشطها المرجان لقيناه مليان صيصان,احيانا نغتر بحال بعض الناس ونتفاجأ بأنهم عكس ما يظهرون,Western,"المهمة: اقرأ العبارة وأجب إذا كانت صحيحة أم خاطئة.
السؤال: العبارة التي تقول 'استعرنا مشطها المرجان لقيناه مليان صيصان' تعني أننا نحتاج للأشياء من الناس لأغراض معينة.
الخيارات:
أ) صحيح
ب) خطأ",أ
الثالثة ثابتة,"تعني أن ""المحاولة الثالثة ستنجح"". ك(تنبأ)",General,"المهمة: حدد إذا كانت العبارة صحيحة أم خاطئة.
السؤال: 'الثالثة ثابتة' تعني أن المحاولة الأخيرة ستكون فاشلة.
الخيارات:
أ) صحيح
ب) خاطئ",ب
اقولة تيس يقول احلبة,افولة تيس يقول احلبة : يعني ماتفهم انت مافي معلوم,General,"المهمة: اختر الجواب الصحيح دون أي ملاحظات إضافية.  
السؤال: ""مثل 'اقولة تيس يقول احلبة' يعني أن الشخص لديه معلومات صحيحة دائمًا.""  
الخيارات:  
A) صحيح  
B) خطأ",B
البيض الفاسد يتدردب على بعضو,يعني انو الناس الخربانه الفاسده تخرب الكويسيين ويسيرو فاسدين زيهم,Western,"المهمة: حدد ما إذا كانت العبارة صحيحة أم خاطئة.
السؤال: 'البيض الفاسد يتدردب على بعضو' يعني أن الأشخاص السيئين لا يؤثرون على الآخرين.
الخيارات:
أ) صحيح
ب) خاطئ",ب
الحي يحييك والميت يزيدك غبن,تقال للمقارنة بين شخصين افعال احدهم من الحركة وتنفيذ بالعمل تبعث فيك الحياة، وآخر كسول ولا ينجز شيئاً فيصيبك بالغبن.,General,"المهمة: اختر إجابة واحدة فقط دون أي ملاحظات إضافية.
السؤال: تعبر العبارة ""الحي يحييك والميت يزيدك غبن"" عن الفخر بالذين لا يعملون.
الخيارات:
A) خطأ
B) صحيح
تفسير الخطأ: المثل يتحدث عن أهمية النشاط والعمل، وليس الفخر بالكسل.",A
الخلق الدني واللسان البذي ما يفلح ولا يغتني,في ذم الشخص بذيء اللسان والأفعال,Western,"المهمة: حدد ما إذا كانت العبارة صحيحة أم خاطئة.
السؤال: القول 'الخلق الدني واللسان البذي ما يفلح ولا يغتني' يعبر عن المدح.
الخيارات:
أ) صحيح
ب) خطأ",ب
الذيب على طاريه,هو مثل شعبي يقال عندما تتحدث عن شخص وهو غائب وفي نفس الوقت يأتي ذلك الشخص الذي كنت تتحدث عنه,General,"المهمة: اختر إجابة واحدة فقط دون أي ملاحظات إضافية.
السؤال: المثل ""الذيب على طاريه"" يستخدم عندما يكون الشخص مخادعًا.
الخيارات:
A) صحيح
B) خطأ) خطأ
التوضيح: المثل يعني أن الشخص يظهر فجأة عند ذكره، وليس له علاقة بالمخادعة.",B
الطول طول النخله والعقل عقل سخله,هو ان يكون الشحص ذو هيبه و وقار وطويل القامه ولكن عقله يشبه بعقل السخله السخله:هي صغير الضأن والماعز بالتالي ليس الشكل يحكم دوما على جوهر المرء، إنما منطوقه وأفعاله وما يحمله في داخله، فكل إناء بما فيه ينضح. ياتي ضرب المثل أحيانا من باب المزاح، والفكاهة؛ لكي لا نجرح غيرنا,General,"المهمة: حدد ما إذا كانت العبارة التالية صحيحة أم خاطئة: 'المثل يُظهر أن الذكاء مرتبط بالطول.'
السؤال: هل العبارة صحيحة أم خاطئة؟
الخيارات:
أ) صحيح
ب) خاطئ
ج) لا يمكن تحديده
د) صحيح في بعض الحالات",ب
الغربة كربة وهم للركبة,عن قسوة الاغتراب ومصاعبها,Western,"المهمة: حدد ما إذا كانت العبارة صحيحة أم خاطئة.
السؤال: التعبير 'الغربة كربة وهم للركبة' يدل على المعاناة والسلبية.
الخيارات:
أ) صحيح
ب) خطأ",أ
اللي ما يعرف الصقر يشويه,اللذي لا يعرف قيمة الشي يفسده او تذهب فرصته,Central,"المهمة: اختر الإجابة الصحيحة فقط دون أي ملاحظات إضافية.  
السؤال: المثل ""اللي ما يعرف الصقر يشويه"" يعني أن الشخص الذي لا يعرف قيمة الشيء يستطيع إصلاحه.  
الخيارات:  
A) صحيح  
B) خاطئ  
شرح: لأن المعنى الصحيح للمثل يشير إلى أن الشخص لا يعرف قيمة الشيء مما يؤدي إلى إفساده.",B
اللي نحبه نبلع له الزلط واللي نكرهه نحاسبه على الغلط,"صيغة أخرى ""إللي تحبه تبلع له الزلط وإللي تكرهه تقعد له على الغلط"" الزلط هي الحجارة ويقصد بالمثل أن الناس يتسامحون مع أخطاء أحبابهم حبيبك يمضغ لك الزلط وعدوك يعد لك الغلط",Western,"المهمة: تحديد ما إذا كانت العبارة صحيحة أم خاطئة.
السؤال: العبارة التالية صحيحة أم خاطئة؟ 'المثل يعني أن الناس يتسامحون مع أعدائهم أكثر من أحبائهم.'
الخيارات:
أ) صحيح
ب) خاطئ",ب
النار ما تحرق الا رجل واطيها,النار لا تحرق الا من يضع رجله عليها,Central,"المهمة: حدد ما إذا كانت العبارة صحيحة أم خاطئة.
السؤال: العبارة 'النار ما تحرق الا رجل واطيها' تعني أن النار قد تؤذي الجميع.
الخيارات:
أ) صحيح
ب) خطأ",ب
الناس في الناس والعجوزه في الطلق والنفاس,يطلق هذا المثل على الي جالسه مع الشله وهم في وادي وهي في وادي,Central,"المهمة: قم بتحديد ما إذا كانت العبارة التالية صحيحة أم خاطئة.
السؤال: المثل 'الناس في الناس والعجوزه في الطلق والنفاس' يعبر عن الوحدة في المجتمع.
الخيارات:
أ) صحيح
ب) خطأ",ب
الي مايطول الرطب يابس عنه يقول,الذي لا يطول الرطب يابس عنه يقول تقال للشخص الذي لديه غيره كما في مثالي,Central,"المهمة: اختر إذا كانت العبارة صحيحة أو خاطئة.
السؤال: العبارة 'الي مايطول الرطب يابس عنه يقول' صحيحة.
الخيارات:
أ) صحيح
ب) خطأ",أ
بدوي طاحلو في تمرة,واحد ما صدق على الله يلاقيلو شي، وما سابو.,Western,"المهمة: قم بتحديد ما إذا كانت العبارة صحيحة أم خاطئة.
السؤال: التعبير 'بدوي طاحلو في تمرة' يعني أن الشخص يشتكي من عدم حصوله على ما يريد.
الخيارات:
أ) صحيح
ب) خطأ",ب
بعد ما أكل واتكا قال ريحته مستكا,شخص يشكي او لم يرضي عن وجبة اكلها بعد أن أكل جميع ما فيها.,Western,"المهمة: حدد ما إذا كان البيان صحيحًا أم خاطئًا.
السؤال: الجملة 'بعد ما أكل واتكا قال ريحته مستكا' تعني أن الشخص راضٍ عن الطعام.
الخيارات:
أ) صحيح
ب) خطأ",ب
بو طبيع مايجوز عن طبعه,تعني أن صاحب الطبع من الصعب والمستحيل أن يتخلى عن طبعه المعروف به.,General,"المهمة: حدد ما إذا كانت العبارة صحيحة أو خاطئة.
السؤال: مثل 'بو طبيع مايجوز عن طبعه' يعني أن الإنسان يمكنه تغيير طبعه بسهولة.
الخيارات:
أ) صحيح
ب) خطأ",ب
بيكحّلها عماها,بمعنى: أراد أن يكحلها فأعماها. تقال عندما يحاول شخص إصلاح أمر فيفسده.,General,"المهمة: اختر الإجابة الصحيحة دون أي ملاحظات إضافية.  
السؤال: المثل ""بيكحّلها عماها"" يعني أن الشخص ينجح في إصلاح الأمور.  
الخيارات:  
A) صحيح  
B) خطأ  

الجواب الصحيح: B (خطأ) - لأن المثل يعني أن الشخص يحاول إصلاح الأمور لكنه يفسدها.",
تيتي تيتي زي ما رحتي زي ما جيتي,شخص لم يستطع القيام بمهمة كُلف بها او فشل فيها,Western,"المهمة: تحديد إذا كانت العبارة صحيحة أم خاطئة.
السؤال: العبارة 'تيتي تيتي زي ما رحتي زي ما جيتي' تعبر عن الفشل في مهمة ما.
الخيارات:
أ) صحيح
ب) خطأ",أ
جابلي أعمى يِوَنّسني بَحلَق بِعينو فَجعني,يقال هذا المثل عندما نتحسر مثلاً على خادمة جديدة وهكذا!,Western,"المهمة: قم بتحديد صحة العبارة.
السؤال: المثل 'جابلي أعمى يِوَنّسني بَحلَق بِعينو فَجعني' يُستخدم للإشارة إلى الفرح بشيء جديد.
الخيارات:
أ) صحيح
ب) خطأ",ب
جات تكحلها عمتها,تقال عندما يريد الشخص ان يقول او يفعل شيئا ويعدله ، ولكنه يخربه أكثر,Western,"المهمة: حدد صحة العبارة التالية: 'جات تكحلها عمتها' تعني تحسين شيء ما.
السؤال: صح أم خطأ: 'جات تكحلها عمتها' تعني تحسين شيء ما.
الخيارات:
أ) صح
ب) خطأ",ب
جاك يا مهنى ماتمنى,مثل يُقال عندما يأتيك شيء تتمناه وخصوصاً اذا أتاك بسهوله أو مصادفه تتمناها,General,"المهمة: اختر الإجابة الصحيحة.  
السؤال: يُستخدم مثل ""جاك يا مهنى ماتمنى"" للإشارة إلى الحصول على شيء يصعب تحقيقه.  
الخيارات:  
A) صحيح  
B) خطأ) خطأ (لأنه يُستخدم للإشارة إلى الحصول على شيء يتمناه الشخص بسهولة).",B
حبسوه في كيس مع ابليس طلع ابليس منه يستغيث,عن دهاء وخبث وشر بعض الناس,General,"المهمة: حدد ما إذا كانت العبارة صحيحة أم خاطئة.
السؤال: 'حبسوه في كيس مع ابليس طلع ابليس منه يستغيث' تعبر عن إنسان حسن النية.
الخيارات:
أ) صحيح
ب) خطأ",ب
حرك تبلش,تقال حينما يعبث الشخص بشي وينتج عنه تلف او تغيير سلبي له,Central,"المهمة: حدد ما إذا كانت العبارة التالية صحيحة أم خاطئة: 'حرك تبلش' تعني أن الشخص يعمل بكفاءة.
السؤال: 'حرك تبلش' تعني أن الشخص يعمل بكفاءة.
الخيارات:
أ) صحيح
ب) خطأ",ب
حزمة كراث ولا صنيعة نخولي,الرضا بالقليل أفضل من طلب المعروف من غير أهله، ,General,"المهمة: حدد إذا كانت العبارة صحيحة أم خاطئة.
السؤال: العبارة 'حزمة كراث ولا صنيعة نخولي' تدل على أن الطلب من غير أهله أفضل.
الخيارات:
أ) صحيح
ب) خطأ",ب
خطط في ماء واقبص في حيد,مثل شعبي قديم ومعروف لدى أهالي منطقة عسير يقال عندما يشعر الشخص باليأس من جدوى الحديث والنصيحة لشخص ما,Southern,"المهمة: تحديد صحة العبارة التالية.
السؤال: يُستخدم المثل 'خطط في ماء واقبص في حيد' في حالة النجاح المتكرر.
الخيارات:
أ) صحيح
ب) خطأ",ب
خليك على قردك لا يجيك أقرد منه,مثل حجازي تعني : اصبر على ما ابتلاك الله به حتى لا يأتيك ما هو أبلى!,Western,"المهمة: حدد إذا كانت العبارة صحيحة أم خاطئة.
السؤال: المثل 'خليك على قردك لا يجيك أقرد منه' يعني أنه من الأفضل لك أن تسعى للحصول على ما هو أفضل.
الخيارات:
أ) صحيح
ب) خطأ",ب
دقه بدقه و لو زدت زاد السقا,مثل يعني العين بالعين و السن بالسن و له قصة مشهوره,Central,"المهمة: حدد ما إذا كانت العبارة صحيحة أم خاطئة.
السؤال: المثل 'دقه بدقه و لو زدت زاد السقا' يشير إلى مفهوم العدل.
الخيارات:
أ) صح
ب) خطأ",أ
ذكرنا القط قام ينط,تكلمنا عن حد وجا بنفس اللحظه,Western,"المهمة: حدد ما إذا كانت العبارة صحيحة أم خاطئة.
السؤال: الجملة تعني أن هناك شخصًا حدث بشيء في وقت محدد.
الخيارات:
أ) صحيح
ب) خاطئ",أ
رضينا بالهم والهم ما رضي بنا,رضينا بالهم والهم ما رضي بنا,General,"المهمة: حدد ما إذا كانت العبارة صحيحة أم خاطئة.
السؤال: ينقل المثل 'رضينا بالهم والهم ما رضي بنا' فكرة أن الرضا عن المشاكل يُؤدي لحلها.
الخيارات:
أ) صحيح
ب) خطأ",ب
ريحة ابو علي ولا عدموو,ريحة ابو علي ولا عدمو : الشي القليل خير من عدم وجوده اصلاََ,Western,"المهمة: حدد إذا كانت العبارة صحيحة أم خاطئة.
السؤال: العبارة 'ريحة ابو علي ولا عدمو' تعني أن القليل لا يُعتبر جيدًا.
الخيارات:
أ) صحيح
ب) خطأ",ب
ستي رئيتها ما نقص عليا الا جدران بيتها .,هذه العباره تستخدم في التعبير عن كثرة رؤية الاشخاص يومياً مثل الاصحاب . على سبيل المثال . عندما ارى صديقتي يومياً . تقول لي والتي هذا المثل . انه لم ينقص عليكي الا ان تذهبي وتري حائط منزلها,Western,"المهمة: حدد ما إذا كانت العبارة صحيحة أم خاطئة.
السؤال: العبارة 'ستي رئيتها ما نقص عليا الا جدران بيتها' تشير إلى عدم رؤية العائلة.
الخيارات:
أ) صحيحة
ب) خاطئة",ب
ضربني وبكى سبقني و شكى,ضربني وبكى سبقني و شكى,General,"المهمة: حدد ما إذا كانت العبارة التالية صحيحة أم خاطئة: 'المثل يدل على أن الأذى يأتي من الأشخاص القريبين.'
السؤال: هل العبارة التالية صحيحة أم خاطئة؟ 'المثل يدل على أن الأذى يأتي من الأشخاص القريبين.'
الخيارات:
أ) صحيح
ب) خطأ",أ
على طمام المرحوم,إذا سألك واحد عن شي وتجيبه أن الأمر كما هو عليه لم يتغير .,Central,"المهمة: حدد ما إذا كانت العبارة صحيحة أم خاطئة.
السؤال: العبارة 'على طمام المرحوم' تعني أن الأمور قد تحسنت.
الخيارات:
أ) صحيح
ب) خاطئ",ب
عليه من الله ظل,قليل الحيله و الفهم ، وقد يوصف به الاحمق الذي لا يعي ما يعمل او لا يعي نتائج ما يعمل,Central,"المهمة: حدد إذا كانت العبارة التالية صحيحة أم خاطئة.
السؤال: العبارة 'عليه من الله ظل' تعني شخص حكيم.
الخيارات:
أ) صحيح
ب) خطأ",ب
عمية تحفف مجنونه و تقلها حواجبك سود و مقرونة,شخص غير مؤهل يقود شخص أو أشخاص غير مؤهلين للقيام بالعمل,Central,"المهمة: حدد صحة العبارة التالية.
السؤال: عبارة 'عمية تحفف مجنونه و تقلها حواجبك سود و مقرونة' تعني أن الشخص حذر جدًا.
الخيارات:
أ) صحيح
ب) خطأ",ب
عنز بدو طاحت في مريس,هذا المثل يقال للشخص اذا ادمن بشكل مبالغ فيه على فعل او اكل شي جديد,Central,"المهمة: حدد إذا كانت العبارة صحيحة أو خاطئة.
السؤال: المثل 'عنز بدو طاحت في مريس' يُستخدم للتعبير عن الفقدان.
الخيارات:
أ) صحيح
ب) خطأ",ب
تفكر الشغلة .نجارة.يضرب بالقدوم ويمسح بالفارة,ليس الأمر بذ بغاية السهولة,Western,"المهمة: حدد ما إذا كانت العبارة صحيحة أم خاطئة.
السؤال: العبارة 'فاكر الشغلة' تعني 'نسيان الأمر'؟
الخيارات:
أ) صحيح
ب) خطأ",ب
قال للغلباوي اسكت وأعطيك ريال ، قال خذ خمسة وخليني اتكلم,مثل يقال للشخص كتير الكلام واللي ما يسكت لو ايش ما تسوي فيه ^^,General,"المهمة: حدد ما إذا كانت العبارة صحيحة أم خاطئة.
السؤال: هل يُستخدم هذا المثل ليعبر عن شخص يصمت عند عرض المال؟
الخيارات:
أ) صحيح
ب) خاطئ",ب
قرعة الساقي,يطلق على الشي الذي يكلف اكثر من قيمته,Central,"المهمة: حدد ما إذا كانت العبارة صحيحة أم خاطئة.
السؤال: عبارة 'قرعة الساقي' تعني بأن الشيء ذو قيمة عالية.
الخيارات:
أ) صحيح
ب) خطأ",ب
قفا الصديق ولا وجه العدو,اذا احد لقى قفاه لعمل ينجزه يقول لك: العذر والسموحه ملقيك قفاي يكون الرد: قفا الصديق ولا وجه العدو,Central,"المهمة: هل العبارة التالية صحيحة أم خاطئة؟: 'قفا الصديق ولا وجه العدو' تعني أن العذر مقبول عند الأصدقاء.
السؤال: هل العبارة التالية صحيحة أم خاطئة؟
الخيارات:
أ) صحيح
ب) خاطئ",أ
كبرت يا بس و صرت تخربش,يقال لهؤلاء الناس الذين يعتقدون ان بمعرفتهم الصغيرة ربما يستطيعون مجارة الكبار,Central,"المهمة: حدد إذا كانت العبارة صحيحة أم خاطئة:
السؤال: العبارة 'كبرت يا بس و صرت تخربش' تعني أن الشخص بدأ يتحدث بشكل أكثر عقلانية.
الخيارات:
أ) صحيح
ب) خاطئ",ب
كل حشفة و لها مقرمش,كل شخص له نصيب من الزواج حتى ولو كان غبيا او كريها او بشعا فيقال هذا المثل دعما لذلك الحشفة هي قطعة نااشفة من الخبر,Western,"المهمة: تحديد صحة العبارة بناءً على المثل.
السؤال: عبارة 'كل حشفة و لها مقرمش' تعني أنه ليس كل شخص له فرصة في الزواج.
الخيارات:
أ) صحيح
ب) خطأ",ب
كل واحد يشل شيلتة,يدل ذلك على ان كل واحد مسؤؤول عن افعالة,General,"المهمة: حدد ما إذا كانت العبارة صحيحة أم خاطئة.
السؤال: العبارة 'كل واحد يشل شيلتة' تعني أن الناس يجب عليهم الاعتماد على بعضهم البعض.
الخيارات:
أ) صحيح
ب) خاطئ",ب
لا تتريق الا على صايم مصلي,تقال للتحذير بانه كل شخص تستهزء بيه يوم حتلاقي الشي سار فيك,Western,"المهمة: حدد ما إذا كانت العبارة صحيحة أم خاطئة.
السؤال: المثل 'لا تتريق الا على صايم مصلي' يعني أنه يجب السخرية من الشخص الذي يصلي.
الخيارات:
أ) صحيح
ب) خطأ",ب
لا تحط عصك في شي ما يخصك,اي بمعنى لا تتدخل في امور لا تعنيك وتصبح في مشاكل انت في غنى عنها,Western,"المهمة: اختر الإجابة الصحيحة دون أي ملاحظات إضافية.  
 السؤال: هل المثل ""لا تحط عصك في شي ما يخصك"" يعبر عن نصيحة حكيمة؟  
  الخيارات:  
  A) صحيح  
  B) غير صحيح",A
لا تسنِّد للبعير، ولا تنحّي للحنش,(عند أهل السراة): الأولى: أي إذا لحقك البعير (الجمل) غاضباً لا تسنّد له مرتفع لأن الجمل سيستطيع اللحاق بك بعكس لو هبطت به منخفض سيتردى على وجهه لو أسرع ورائك. والثانية: ولا تنحي للحنش أي إذا لحق بك ثعبان لا تهبط به منخفض لأنه سينطلق عليك بسرعه هائلة ويدركك، بل أهرب منه صاعداً لأن الصعود يرهقه فلا يستطيع اللحاق بك.,Southern,"المهمة:  اختر الإجابة الصحيحة دون أي ملاحظات إضافية.  
السؤال: ""لا تسنِّد للبعير، ولا تنحّي للحنش"" هو مثل صحيح؟  
الخيارات:  
  A) صحيح  
  B) خطأ",A
لبس له جلد النمره,تهیاوا للهجوم له و اعدوا للحرب له و تعصبوا لذلک,Central,"المهمة: حدد إذا كانت العبارة صحيحة أم خاطئة.
السؤال: العبارة 'لبس له جلد النمره' تعني الاستعداد للاحتفال.
الخيارات:
أ) صحيح
ب) خاطئ) خاطئ",ب
لما فرقوا الذوق كان جالس فوق,تقال على الشخص عديم الذوق ومعناه أنه لم يأخذ نصيبه من الذوق عندما أخذ الكل نصيبهم لأنه كان غائبا,Western,"المهمة: حدد ما إذا كانت العبارة صحيحة أم خاطئة.
السؤال: العبارة 'لما فرقوا الذوق كان جالس فوق' تعني أن الشخص لديه ذوق عال.
الخيارات:
أ) صحيح
ب) خطأ",ب
ما تطيح السقيفة إلا على الضعيفة,يعني لا يتحمل المصائب إلا الضعفاء وينجوا منها الأقوياء وأصحاب النفوذ,Central,"المهمة: حدد ما إذا كانت العبارة صحيحة أم خاطئة.
السؤال: يمكن القول أن المثل 'ما تطيح السقيفة إلا على الضعيفة' يعني أن الأقوياء هم من يتحملون المصائب.
الخيارات:
أ) صحيح
ب) خطأ",ب
ما دون الحلدز إلا اليدين,هذا المثل يقال إذا بلغ السيل الزبى، وإذا انتهت كل السبل في محاولة تجنبك لهذا الأمر، فإذا لم يكن هناك طريق إلا هذا الطريق ولو كان خطأً أو خطرًا فاسلكه. فما دون الحلدز إلا اليدين.,General,"المهمة: حدد إذا كانت العبارة التالية صحيحة أم خاطئة: 'المثل 'ما دون الحلدز إلا اليدين' يُستخدم للتعبير عن الأمل والتفاؤل.'
السؤال: هل العبارة صحيحة أم خاطئة؟
الخيارات:
أ) صحيحة
ب) خاطئة) خاطئة",ب
ما في شي ببلاش غير العمى والطراش,المثل واضح ما يحتاجلو شرح . هو بس انو كل شي صاير بفلوس وما في حاجة ببلاش,Western,"المهمة: حدد ما إذا كانت العبارة صحيحة أم خطأ.
السؤال: كل الأشياء في الحياة تُعطى بالمجان.
الخيارات:
أ) صحيح
ب) خطأ",ب
ما فيها غير صوير وعوير واللي ما فيه خير,عندما تكون كل الخيارات سيئة,General,"المهمة: حدد ما إذا كانت العبارة صحيحة أم خاطئة.
السؤال: العبارة 'ما فيها غير صوير وعوير واللي ما فيه خير' تعبر عن وجود خيارات جيدة.
الخيارات:
أ) صحيحة
ب) خاطئة",ب
ما ورى بيشة عيشة,مثل يقال لمن لا تتنظر منه شي ينفع. اذا كان طلبك او حاجتك عند شخص او شيء لا تتوقع منه ان يجيب لك نتيجة، تقول ما ورى بيشة عيشة.,Southern,"المهمة: اختر إجابة واحدة فقط دون أي ملاحظات إضافية.
السؤال: يُقال المثل ""ما ورى بيشة عيشة"" عند التوصية بالانتقال إلى بيشة للبحث عن فرص أفضل.
A) صح
B) خطأ) خطأ
التوضيح: المثل يُستخدم للتعبير عن عدم الجدوى من شيء معين، وليس للتوصية بالسفر أو الانتقال إلى بيشة.",B
ما يعرف راصو من ساسو,لا يعرف رأسه من قدميه.,Central,"المهمة: حدد إذا كانت العبارة التالية صحيحة أم خاطئة.
السؤال: 'ما يعرف راصو من ساسو' تستخدم لوصف شخص ذكي.
الخيارات:
أ) صحيح
ب) خطأ",ب
ماتلقى الغنج الا عند الحمير العرج,مثال جميل يقال عند رؤية شخص يتدلع و يتغنج و هوا غير أهل لهذا الفعل,Western,"المهمة: حدد ما إذا كانت العبارة صحيحة أم خاطئة.
السؤال: المثل 'ماتلقى الغنج الا عند الحمير العرج' يُستخدم للدلالة على الغزل.
الخيارات:
أ) صحيح
ب) خاطئ",ب
ماخص من قديد الا عسفان,ترجمتها بالفصحى ليس اسوأ من ( قديد ) سوى ( عسان ) و(قديد) و(عسفان) هي اسماء قرى في الحجاز شمال مكة المكرمة ب كيلو تقريبا . ويضرب هذا المثل لوصف شيئين كلاهما اسوأ من الاخر . ولا اعلم تحديدا سبب التسمية .,Western,"المهمة: حدد ما إذا كانت العبارة صحيحة أم خاطئة.
السؤال: المثل 'ما خص من قديد الا عسفان' يستخدم لوصف شيء جيد.
الخيارات:
أ) صحيح
ب) خطأ",ب
مد رجولك على قد لحافك,اكتفي بما عندك أو لا تتوهم شيئا فوق استطاعتك.,Central,"المهمة: حدد صحة العبارة التالية.
السؤال: التعبير 'مد رجولك على قد لحافك' يشجع الناس على الطموح المستمر.
الخيارات:
أ) صحيح
ب) خاطئ",ب
من جرف لدحديرة، يا قلبي لا تحزن,يخرج من مصيبة ليدخل في مصيبة أخرى.,Western,"المهمة: حدد ما إذا كانت العبارة صحيحة أم خاطئة.
السؤال: المثل 'من جرف لدحديرة، يا قلبي لا تحزن' يعني أن الشخص يشكر الله في كل الأحوال.
الخيارات:
أ) صحيح
ب) خطأ",ب
من طق الباب لقى الجواب,لكل فعل ردة فعل مساوة له بالمقدار و معاكسة له بالاتجاه,Central,"المهمة: حدد ما إذا كانت العبارة صحيحة أم خطأ.
السؤال: يُعبر المثل 'من طق الباب لقى الجواب' عن ضرورة التعبير عن المشاكل للحصول على الحلول.
الخيارات:
أ) صحيح
ب) خطأ",أ
مين خرج من داره قل مقداره,إلي يمشي من عند ناسوا، يقل قدره,Western,"المهمة: تحديد صحة العبارة المتعلقة بالمثل: 'مين خرج من داره قل مقداره'.
السؤال: تعتبر العبارة 'مين خرج من داره قل مقداره' تشير إلى أهمية المحافظة على العلاقات الاجتماعية.
الخيارات:
أ) صحيح
ب) خطأ",أ
مين شايفك ياللي في الضلام تغمز,مثل يقال عند رؤية شخص يفعل فعلا على غير فائدة,Western,"المهمة: حدد إذا كانت العبارة صحيحة أم خاطئة.
السؤال: يُقال مثل 'مين شايفك ياللي في الضلام تغمز' في حالة سلبية.
الخيارات:
أ) صحيح
ب) خاطئ",أ
نظرةٌ إلى ميسرة,يقال عند تأجيل الامور الى وقت غير معلوم .يعني لمن ربنا يحلها,Central,"المهمة: اقرأ العبارة وحدد ما إذا كانت صحيحة أو خاطئة.
السؤال: العبارة 'نظرةٌ إلى ميسرة' تعني اتخاذ القرارات بسرعة.
الخيارات:
أ) صحيح
ب) خطأ",ب
ننقر نقر الغراب، ومالنا كون التراب,يعني صلاتنا سريعة ولا لنا منها غير التراب لان الصلاة غير مقبولة وبدون خشوع,General,"المهمة: حدد صحة العبارة التالية.
السؤال: عبارة 'ننقر نقر الغراب' تعني أن الصلاة مقبولة.
الخيارات:
أ) صحيح
ب) خطأ",ب
ولد حاره يفهم بالإشاره,بالفصحى =ابن حي شعبي يفهم بالاشاره بمعنى انه ابناء الاحياء الشعبيه بمجرد الاشاره للشيء يفهمه,Western,"المهمة: حدد ما إذا كانت العبارة صحيحة أو خاطئة.
السؤال: عبارة 'ولد حاره يفهم بالإشاره' تعني أن الشخص غير قادر على الفهم.
الخيارات:
أ) صحيح
ب) خطأ",ب
يا اطخو يا اكسر مخو,مثل يقولو لما الواحد ما يكون عندو حل وسط يعني يخربها يخربها,Western,"المهمة: اختر الجواب الصحيح دون أي ملاحظات إضافية.
السؤال: المثل ""يا اطخو يا اكسر مخو"" يعني التصرف بعقلانية واتزان.
الخيارات:
A) صحيح
B) خطأ",B
يا حبا يا دبا,يطلق هذا المثل ع الي ماعنده حل وسط في حياته,Central,"المهمة: هل العبارة التالية صحيحة أم خاطئة؟
السؤال: يقول المثل 'يا حبا يا دبا' إن الشخص يمكن أن يمتلك حلول وسط في حياته.
الخيارات:
أ) صحيح
ب) خاطئ",ب
يا شين السرج على البقر,يا شين السرج على البقر : يطلق على من تلبّس بلباس هو ليس بكفء له، فالسرج للخيل زينة وأبهة، أما على البقر فقبيح لا حاجة له.,General,"المهمة: اختر إجابة واحدة فقط دون أي ملاحظات إضافية.
السؤال: يُقال المثل ""يا شين السرج على البقر"" لوصف شخص وضعه ومظهره مناسب تمامًا لدوره.
A) صح
B) خطأ) خطأ
التوضيح: المثل يُستخدم للدلالة على عدم تناسب الشخص مع الدور الذي يقوم به، وليس لوصف ملاءمته له.",B
يا غزال بالقماري وين غزالك بالنهاري,يقال حين يفعل المرء شيئاً في غير وقته,Central,"المهمة: حدد ما إذا كانت العبارة صحيحة أم خاطئة.
السؤال: عبارة 'يا غزال بالقماري وين غزالك بالنهاري' تعني التفكير في أمر غير مناسب في وقته.
الخيارات:
أ) صحيحة
ب) خاطئة",أ
يا قلبي يا كتكت ياما تشوف و تسكت.,أن ترى أشياء كثيرة و تحفظها كسر أو تتغاضى عنها.,Western,"المهمة: تحديد صحة العبارة.
السؤال: عبارة 'يا قلبي يا كتكت ياما تشوف و تسكت' تعبر عن الرضا بالقليل.
الخيارات:
أ) صحيح
ب) خطأ",ب
يا ما حبى يا ما برك,يعني اما ابيض والا اسود. مافيه حل وسط حبى تعني الحبو ، حبو الطفل برك تعني كما تبرك الناقة عند جلوسها,Central,"المهمة: حدد ما إذا كانت العبارة صحيحة أم خاطئة.
السؤال: عبارة 'يا ما حبى يا ما برك' تعني أنه يوجد دائماً حل وسط.
الخيارات:
أ) صحيح
ب) خاطئ",ب
يا من شراله من حلاله علّة,مثل شعبي يقال لمن يشتري شيء بماله ويسبب له هذا الشيء المتاعب.,General,"المهمة: حدد ما إذا كانت العبارة التالية صحيحة أم خاطئة.
السؤال: المثل 'يا من شراله من حلاله علّة' يعني أن المال يجب أن يُصرف بحكمة.
الخيارات:
أ) صحيح
ب) غير صحيح",ب
ياطخو يا اكسر مخو,يطلق هذا المثل على الشي الي يعني مافي حل وسط,Western,"المهمة: قم بتحديد إذا كانت العبارة صحيحة أو خاطئة.
السؤال: المثل 'ياطخو يا اكسر مخو' يدل على وجود خيارين فقط.
الخيارات:
أ) صحيح
ب) خطأ",أ
يعرج العبد من برطمه,حينما يبحث الشخص عن حجة لا تناسب الموضوع,Central,"المهمة: حدد ما إذا كانت العبارة صحيحة أم خاطئة.
السؤال: المثل 'يعرج العبد من برطمه' يعني أن الشخص يبحث عن حجة مناسبة لموقفه.
الخيارات:
أ) صحيحة
ب) خاطئة) خاطئة",ب
اللقمة في الفاقة أحسن من الناقة,الشيء القليل في وقته المناسب أفضل من الكثير في غير وقته.,General,"المهمة: اقرأ العبارة التالية وحدد ما إذا كانت صحيحة أم خاطئة.
السؤال: مثل (اللقمة في الفاقة أحسن من الناقة) يعني أن القليل في وقت الحاجة قد يكون أنفع من الكثير في غير وقته.
الخيارات:
أ) صحيح
ب) خاطئ",أ
