Term,Meaning_of_term,Dialect type,Meaning_question,correct_answer
إذا حجت البقرة على قرونها,بمعنى المستحيل ولايمكن وقوعة,General,"المهمة: اختر إجابة واحدة فقط دون أي ملاحظات إضافية.
السؤال: ماذا يعني المثل ""إذا حجت البقرة على قرونها""؟
الخيارات:
A) شيء يمكن تحقيقه إذا تمت الظروف بشكل جيد
B) شيء مستحيل أو غير قابل للتحقيق
C) شيء يحدث في حالة نادرة
D) شيء يجب أن يتم في الوقت المحدد) شيء مستحيل أو غير قابل للتحقيق",B
أَدْنَى حَمُول غَانا راعِيه,(عند أهل السراة) تستخدم بمعنى أن الأنسان يعيش على أدنى الميسور والموجود. وهي تفيد القناعة. أدنى: أقل. حمول: ما يحمل على الجمل وهي هنا ما تقتنيه. غانا: لغة في أغنى. راعيه: صاحبه.,Southern,"المهمة: اختر إجابة واحدة فقط دون أي ملاحظات إضافية.
السؤال: ما الفكرة الأساسية التي يعبر عنها المثل ""أدْنَى حَمُول غَانا راعِيه""؟
الخيارات:
A) القناعة بما هو متاح وعدم الطمع
B) أهمية جمع المال وعدم الإسراف
C) الكرم والسخاء مع الآخرين
D) السفر والتنقل بحثًا عن الرزق) القناعة بما هو متاح وعدم الطمع",A
أن كان مالك من ذراعك نجده شربك على يدين الرجال هماج,هي بالأساس بيت قصيد، لكن أُستخدم كمثل ومعناها أنك ستتعرض للمذلة، أن لم تعتمد على نفسك,Central,"المهمة: اختر إجابة واحدة فقط دون أي ملاحظات إضافية.
السؤال: ما الفكرة الأساسية التي يعبر عنها المثل ""إن كان مالك من ذراعك نجده، شربك على يدين الرجال هماج""؟
الخيارات:
A) الاعتماد على النفس هو السبيل لتحقيق النجاح
B) الكرم والتعاون مع الآخرين أمر ضروري
C) العمل الجماعي أكثر فائدة من العمل الفردي
D) القناعة والرضا هما أهم أسباب السعادة) الاعتماد على النفس هو السبيل لتحقيق النجاح",A
إلي يجيك أحسن من إلي ترحلو,مثل معناه: إلي يفكر فيك أحسن من إلي تفكر فيه.,Western,"المهمة: اذكر معنى المثل التالي.
السؤال: ما معنى المثل 'إلي يجيك أحسن من إلي ترحلو'؟
الخيارات:
أ) إلي سيفكر فيك أحسن من إلي ترحل له
ب) إلي تحبه أكثر من إلي يحبك
ج) إلي يزورك أفضل من إلي تتركه
د) إلي يتكلم عنك أفضل من إلي تتكلم عنه",أ
ابن صلمعه بن قلمعه ما تنفع معاه الحيل المجمعه,وصَلْمَعةُ‎ ‎بن‎ قَلْمَعةَ: كناية عمن لا يعرف ولا يُعْرَفُ أَبوه وهذا المثل يقال عند ذم الشخص,Central,"المهمة: حدد المعنى الحقيقي للمثل المدخل.
السؤال: ما المقصود بمثل 'ابن صلمعه بن قلمعه ما تنفع معاه الحيل المجمعه'؟
الخيارات:
أ) يشير إلى شخص يعرف والديه جيدًا
ب) يعني عدم جدوى الحيل مع شخص عديم القيم
ج) يدل على شخص لديه مهارات عديدة
د) يعني شخص مشهور في عائلته",ب
ابو فرفور ذنبو مغفور,اللي نحبه نغفرله كل شي,Western,"المهمة: حدد المعنى الصحيح للعبارة 'ابو فرفور ذنبو مغفور'.
السؤال: ما المقصود بعبارة 'ابو فرفور ذنبو مغفور'؟
الخيارات:
أ) الشخص الذي يخطئ يعاقب
ب) اللي نحبه نغفرله كل شي
ج) كل واحد له ذنوبه
د) الخطأ مصيره الفشل",ب
اجري يا مشكاح للي قاعد مرتاح,المِشْكاح يُراد به كثير السعي والحركة، ويُضرب لمن يأتيه رزقه من سعي غيره بلا طلب منه,Western,"المهمة: حدد المعنى الصحيح للمثل الشعبي.
السؤال: ما هو المعنى المقصود من المثل 'اجري يا مشكاح للي قاعد مرتاح'؟
الخيارات:
أ) الاشتغال والكسب من العمل
ب) التمسك بالراحة وعدم النشاط
ج) الدعوة إلى السعي والت hustling
د) التشجيع على الترفيه",ج
ازا اكلو العنب عليك قول حامض,تنقال لماً واحد يقعد متكرن عشان فاتو شي حلو مثل مشهور في الطايف,Western,"المهمة: حدد المعنى الصحيح للمثل.
السؤال: ما معنى العبارة 'ازا اكلو العنب عليك قول حامض'؟
الخيارات:
أ) تشير إلى الحذر عند تناول الطعام.
ب) تدل على عدم تقدير الأشياء الجيدة.
ج) تعبر عن الفرح عند حدوث أمر جيد.
د) تشير إلى التواصل الجيد بين الأشخاص.",ب
استعرنا مشطها المرجان لقيناه مليان صيصان,احيانا نغتر بحال بعض الناس ونتفاجأ بأنهم عكس ما يظهرون,Western,"المهمة: حدد المعنى الصحيح للعبارة.
السؤال: ما معنى الجملة 'استعرنا مشطها المرجان لقيناه مليان صيصان'؟
الخيارات:
أ) نقوم بد borrowing من كل أحد
ب) نتعود على شخص لكن نكتشف عكس شخصيته
ج) نستخدم شيء معين للزينة
د) نبحث عن أشياء جديدة",ب
الثالثة ثابتة,"تعني أن ""المحاولة الثالثة ستنجح"". ك(تنبأ)",General,"المهمة: اختر المعنى الصحيح للمثل السعودي.
السؤال: ما معنى 'الثالثة ثابتة'؟
الخيارات:
أ) المحاولة الثالثة ستنجح
ب) الفشل في المحاولة الثانية
ج) العودة إلى نقطة البداية
د) التخلي عن الحلم",أ
اقولة تيس يقول احلبة,افولة تيس يقول احلبة : يعني ماتفهم انت مافي معلوم,General,"المهمة: اختر الجواب الصحيح دون أي ملاحظات إضافية.  
السؤال: ما معنى مثل ""اقولة تيس يقول احلبة""؟  
الخيارات:  
A) يعني أن الشخص لا يفهم شيئًا.  
B) يعني أن الشخص لديه معلومات كثيرة.  
C) يعني أن الشخص يتباهى بمعرفته.  
D) يعني أن الشخص يحذر الآخرين.",A
البيض الفاسد يتدردب على بعضو,يعني انو الناس الخربانه الفاسده تخرب الكويسيين ويسيرو فاسدين زيهم,Western,"المهمة: حدد معنى العبارة التالية.
السؤال: ما معنى 'البيض الفاسد يتدردب على بعضو'؟
الخيارات:
أ) يعني أن الشخص السيء يؤثر على الشخص الجيد
ب) يعني أن البيض يتدحرج
ج) يعني أن البيض يكون طازج
د) يعني أن الناس يتشاجرون",أ
الحي يحييك والميت يزيدك غبن,تقال للمقارنة بين شخصين افعال احدهم من الحركة وتنفيذ بالعمل تبعث فيك الحياة، وآخر كسول ولا ينجز شيئاً فيصيبك بالغبن.,General,"المهمة: اختر إجابة واحدة فقط دون أي ملاحظات إضافية.
السؤال: ماذا يقصد بقول ""الحي يحييك والميت يزيدك غبن""؟
الخيارات:
A) يشير إلى أهمية الاستمرار في التعلم
B) يعبر عن تأثير الأشخاص النشطين في الحياة
C) يوضح الفرق بين الأمل واليأس
D) يتحدث عن مفهوم الحظ والقدر",B
الخلق الدني واللسان البذي ما يفلح ولا يغتني,في ذم الشخص بذيء اللسان والأفعال,Western,"المهمة: حدد معنى القول.
السؤال: ما معنى 'الخلق الدني واللسان البذي ما يفلح ولا يغتني'؟
الخيارات:
أ) ذم الشخص بذيء اللسان والأفعال
ب) مدح الشخص الخلوق
ج) التشجيع على الكلام الطيب
د) ذكر العطاء والكرم",أ
الذيب على طاريه,هو مثل شعبي يقال عندما تتحدث عن شخص وهو غائب وفي نفس الوقت يأتي ذلك الشخص الذي كنت تتحدث عنه,General,"المهمة: اختر إجابة واحدة فقط دون أي ملاحظات إضافية.
السؤال: ما معنى المثل الشعبي ""الذيب على طاريه""؟
الخيارات:
A) يقال عندما يكون الشخص ذكيًا مثل الذئب
B) يقال عندما تتحدث عن شخص غائب ثم يظهر فجأة
C) يستخدم للإشارة إلى شخص مخادع
D) يستخدم لوصف شخص سريع الحركة) يقال عندما تتحدث عن شخص غائب ثم يظهر فجأة",B
الطول طول النخله والعقل عقل سخله,هو ان يكون الشحص ذو هيبه و وقار وطويل القامه ولكن عقله يشبه بعقل السخله السخله:هي صغير الضأن والماعز بالتالي ليس الشكل يحكم دوما على جوهر المرء، إنما منطوقه وأفعاله وما يحمله في داخله، فكل إناء بما فيه ينضح. ياتي ضرب المثل أحيانا من باب المزاح، والفكاهة؛ لكي لا نجرح غيرنا,General,"المهمة: حدد المعنى الصحيح للمثل 'الطول طول النخله والعقل عقل سخله'.
السؤال: ما هو المعنى الذي يحمله هذا المثل؟
الخيارات:
أ) الشخص طويل القامة يكون ذو عقل راجح
ب) الشكل الخارجي يحكم على شخصيته
ج) القامة لا تعكس العقل
د) الشخص القصير يكون ذو عقل كبير",ج
الغربة كربة وهم للركبة,عن قسوة الاغتراب ومصاعبها,Western,"المهمة: حدد المعنى المقصود من التعبير.
السؤال: ما هو المعنى الذي يشير إليه التعبير 'الغربة كربة وهم للركبة'؟
الخيارات:
أ) عن قسوة الاغتراب ومصاعبها
ب) عن الفرح والسرور
ج) عن الأمل والتفاؤل
د) عن الحب والمشاعر",أ
اللي ما يعرف الصقر يشويه,اللذي لا يعرف قيمة الشي يفسده او تذهب فرصته,Central,"المهمة: اختر الإجابة الصحيحة فقط دون أي ملاحظات إضافية.  
السؤال: ما معنى المثل ""اللي ما يعرف الصقر يشويه""؟  
الخيارات:  
A) الذي يعرف قيمة الشيء سيحافظ عليه  
B) الذي يعرف كل شيء لا يحتاج لنصيحة
C)الذي لا يعرف قيمة الشيء يفسده أو تذهب فرصته
D) الذي لا يهتم بالأشياء لن يتأثر بها",C
اللي نحبه نبلع له الزلط واللي نكرهه نحاسبه على الغلط,"صيغة أخرى ""إللي تحبه تبلع له الزلط وإللي تكرهه تقعد له على الغلط"" الزلط هي الحجارة ويقصد بالمثل أن الناس يتسامحون مع أخطاء أحبابهم حبيبك يمضغ لك الزلط وعدوك يعد لك الغلط",Western,"المهمة: حدد المعنى الصحيح للمثل 'اللي نحبه نبلع له الزلط واللي نكرهه نحاسبه على الغلط'.
السؤال: ما هو المعنى المقصود في المثل القائل 'اللي نحبه نبلع له الزلط واللي نكرهه نحاسبه على الغلط'؟
الخيارات:
أ) نحتاج إلى التسامح مع الجميع
ب) نحب من يسامحنا فقط
ج) الناس يعذرون أحبابهم على أخطائهم
د) لا يوجد بيننا تقبل للأخطاء",ج
النار ما تحرق الا رجل واطيها,النار لا تحرق الا من يضع رجله عليها,Central,"المهمة: حدد المعنى الصحيح للعبارة.
السؤال: ما معنى 'النار ما تحرق الا رجل واطيها'؟
الخيارات:
أ) النار تؤذي الناس فقط
ب) النار تحرق من يقترب منها
ج) النار لا تؤثر إلا على أصحابها
د) النار تؤذي الجميع",ب
الناس في الناس والعجوزه في الطلق والنفاس,يطلق هذا المثل على الي جالسه مع الشله وهم في وادي وهي في وادي,Central,"المهمة: حدد المعنى الصحيح لهذا المثل.
السؤال: ماذا يعني المثل 'الناس في الناس والعجوزه في الطلق والنفاس'؟
الخيارات:
أ) يُشير إلى عدم صدق الأشخاص
ب) يدل على عدم التجانس بين الأفراد
ج) يعني أن الجميع يشارك في نفس المجال
د) يصف وضعية شخص بين مجموعات مختلفة",ب
الي مايطول الرطب يابس عنه يقول,الذي لا يطول الرطب يابس عنه يقول تقال للشخص الذي لديه غيره كما في مثالي,Central,"المهمة: حدد المعنى الصحيح للعبارة التالية:
السؤال: ما معنى 'الي مايطول الرطب يابس عنه يقول'؟
الخيارات:
أ) الشخص الذي لا يقترب من الرطب يكون متجبراً.
ب) الذي لا يطول الرطب يتحدث بشكل مستمر.
ج) الشخص الذي لا يطول الرطب يكون قويًا.
د) الذي لا يطول الرطب يبتعد عن الطيبات.",د
بدوي طاحلو في تمرة,واحد ما صدق على الله يلاقيلو شي، وما سابو.,Western,"المهمة: حدد معنى العبارة 'بدوي طاحلو في تمرة'.
السؤال: ما هو المعنى المقصود من التعبير 'بدوي طاحلو في تمرة'؟
الخيارات:
أ) شخص وجد ما لم يتوقعه
ب) شخص يشتكي من عدم الحصول على شيء
ج) شخص قام بنشاطات عشوائية
د) شخص يعيش في المدينة",أ
بعد ما أكل واتكا قال ريحته مستكا,شخص يشكي او لم يرضي عن وجبة اكلها بعد أن أكل جميع ما فيها.,Western,"المهمة: حدد المعنى الصحيح للجملة التالية.
السؤال: ما معنى الجملة: 'بعد ما أكل واتكا قال ريحته مستكا'؟
الخيارات:
أ) شخص يتحدث عن راحة الطعام.
ب) شخص يشكي ويعبر عن عدم رضاه.
ج) شخص يشعر بالندم بعد الأكل.
د) شخص يتحدث عن نوعية الطعام.",ب
بو طبيع مايجوز عن طبعه,تعني أن صاحب الطبع من الصعب والمستحيل أن يتخلى عن طبعه المعروف به.,General,"المهمة: حدد معنى مثل 'بو طبيع مايجوز عن طبعه'.
السؤال: ما معنى مثل 'بو طبيع مايجوز عن طبعه'؟
الخيارات:
أ) تعني أن الشخص لا يمكنه التغاضي عن عاداته.
ب) تعني أن الأشخاص الإيرانيين يتبعون عاداتهم.
ج) تعني أن الشخص يمكنه تغيير طبعه بسهولة.
د) تعني أن الشخص عصبي بطبعه.",أ
بيكحّلها عماها,بمعنى: أراد أن يكحلها فأعماها. تقال عندما يحاول شخص إصلاح أمر فيفسده.,General,"المهمة: اختر الإجابة الصحيحة دون أي ملاحظات إضافية.  
السؤال: ما معنى المثل ""بيكحّلها عماها""؟  
الخيارات:  
A) يحاول أن يحسن الأمور لكنه يفسدها  
B) يرغب في زيادة الجمال فقط  
C) ينصح بالابتعاد عن المشاكل  
D) يعد بعمل شيء جيد  

الجواب الصحيح: A (يحاول أن يحسن الأمور لكنه يفسدها)",
تيتي تيتي زي ما رحتي زي ما جيتي,شخص لم يستطع القيام بمهمة كُلف بها او فشل فيها,Western,"المهمة: حدد المعنى الصحيح للعبارة 'تيتي تيتي زي ما رحتي زي ما جيتي'.
السؤال: ما هو المعنى الدقيق لهذه العبارة؟
الخيارات:
أ) النجاح في القيام بالمهمة
ب) شخص لم يستطع القيام بمهمة كُلف بها
ج) الترحال والعودة
د) تحقيق الأهداف",ب
جابلي أعمى يِوَنّسني بَحلَق بِعينو فَجعني,يقال هذا المثل عندما نتحسر مثلاً على خادمة جديدة وهكذا!,Western,"المهمة: حدد معنى المثل المذكور.
السؤال: ما هو المقصود بعبارة 'جابلي أعمى يِوَنّسني بَحلَق بِعينو فَجعني'؟
الخيارات:
أ) التحسر على شيء ضائع
ب) الفرح بشيء جديد
ج) القلق من المستقبل
د) الاستمتاع بالحياة",أ
جات تكحلها عمتها,تقال عندما يريد الشخص ان يقول او يفعل شيئا ويعدله ، ولكنه يخربه أكثر,Western,"المهمة: حدد المعنى المناسب للمثل 'جات تكحلها عمتها'.
السؤال: ما معنى مثل 'جات تكحلها عمتها'؟
الخيارات:
أ) تريد تحسين شيء ما ولكنها تخربه أكثر.
ب) تقوم بشيء بدون حاجة.
ج) تتجاوز مشكلة صغيرة بشكل سليم.
د) تعبر عن الفخر والاعتزاز.",أ
جاك يا مهنى ماتمنى,مثل يُقال عندما يأتيك شيء تتمناه وخصوصاً اذا أتاك بسهوله أو مصادفه تتمناها,General,"المهمة: اختر الإجابة الصحيحة.  
السؤال: ما معنى مثل ""جاك يا مهنى ماتمنى""؟  
الخيارات:  
A) يعني أنك حصلت على شيء غير مرغوب فيه.  
B) يعني أنك حصلت على شيء تتمناه.  
C) يعني أن الأحلام لا تتحقق.  
D) يعني أن الحظ ليس له علاقة بالأماني.) يعني أنك حصلت على شيء تتمناه.",B
حبسوه في كيس مع ابليس طلع ابليس منه يستغيث,عن دهاء وخبث وشر بعض الناس,General,"المهمة: حدد المعنى المقصود من المثل.
السؤال: ما هو المعنى الأقرب للمثل 'حبسوه في كيس مع ابليس طلع ابليس منه يستغيث'؟
الخيارات:
أ) عن شجاعة الأبطال
ب) عن الصداقة الحقيقية
ج) عن دهاء وخبث وشر بعض الناس
د) عن الفخر والاعتزاز بالنفس",ج
حرك تبلش,تقال حينما يعبث الشخص بشي وينتج عنه تلف او تغيير سلبي له,Central,"المهمة: حدد المعنى الصحيح لمصطلح 'حرك تبلش'.
السؤال: ما هو المعنى الصحيح لمصطلح 'حرك تبلش'؟
الخيارات:
أ) يعني الاستعانة بشخص آخر.
ب) يعني العبث بشيء مما يؤدي إلى تلف أو تغيير سلبي.
ج) يعني التظاهر بالعمل.
د) يعني البدء بنشاط جديد.",ب
حزمة كراث ولا صنيعة نخولي,الرضا بالقليل أفضل من طلب المعروف من غير أهله، ,General,"المهمة: حدد المعنى الصحيح للعبارة.
السؤال: ماذا تعني عبارة 'حزمة كراث ولا صنيعة نخولي'؟
الخيارات:
أ) العطاء بدون مقابل
ب) الرضا بالقليل أفضل من طلب المعروف من غير أهله
ج) الثقة بالنفس
د) السعادة في الحياة",ب
خطط في ماء واقبص في حيد,مثل شعبي قديم ومعروف لدى أهالي منطقة عسير يقال عندما يشعر الشخص باليأس من جدوى الحديث والنصيحة لشخص ما,Southern,"المهمة: تحديد معنى المثل الشعبي.
السؤال: ما معنى المثل 'خطط في ماء واقبص في حيد'؟
الخيارات:
أ) الحديث بلا فائدة
ب) العمل الجاد
ج) الحكمة في الكلام
د) التفاؤل بالمستقبل",أ
خليك على قردك لا يجيك أقرد منه,مثل حجازي تعني : اصبر على ما ابتلاك الله به حتى لا يأتيك ما هو أبلى!,Western,"المهمة: حدد المعنى الصحيح للمثل.
السؤال: ما معنى مثل 'خليك على قردك لا يجيك أقرد منه'؟
الخيارات:
أ) اترك ما لديك لسوء حال آخر
ب) اصبر على ما لديك حتى لا يأتي ما هو أسوأ
ج) كن حذراً من الخسارة
د) تمسك بما لديك ولا تفقده",ب
دقه بدقه و لو زدت زاد السقا,مثل يعني العين بالعين و السن بالسن و له قصة مشهوره,Central,"المهمة: حدد المعنى الصحيح للمثل.
السؤال: ما معنى المثل 'دقه بدقه و لو زدت زاد السقا'؟
الخيارات:
أ) العين بالعين والسن بالسن
ب) العدل أساس الملك
ج) الصبر مفتاح الفرج
د) الحكمة ضالة المؤمن",أ
ذكرنا القط قام ينط,تكلمنا عن حد وجا بنفس اللحظه,Western,"المهمة: اختر المعنى الصحيح للجملة.
السؤال: ماذا تعني الجملة 'ذكرنا القط قام ينط'؟
الخيارات:
أ) تكلمنا عن حد وجا بنفس اللحظه
ب) لعبنا مع القط في الحديقة
ج) رأينا القط يجري في الشارع
د) جلبنا القط من السوق",أ
رضينا بالهم والهم ما رضي بنا,رضينا بالهم والهم ما رضي بنا,General,"المهمة: حدد المعنى الصحيح للمثل.
السؤال: ما هو معنى المثل 'رضينا بالهم والهم ما رضي بنا'؟
الخيارات:
أ) قديما كان هناك رضا كبير.
ب) وجود المشاكل كان أمرا جارياً علينا.
ج) الحياة كانت سهلة ومريحة.
د) نسعى لتحقيق أهدافنا ولكن الأمور لا تسير كما نريد.",د
ريحة ابو علي ولا عدموو,ريحة ابو علي ولا عدمو : الشي القليل خير من عدم وجوده اصلاََ,Western,"المهمة: حدد المعنى الصحيح للجملة.
السؤال: ما معنى 'ريحة ابو علي ولا عدمو'؟
الخيارات:
أ) الشي القليل خير من عدم وجوده أصلاً
ب) الاستغناء عن الجيد أفضل
ج) البحر أفضل من الجفاف
د) لا وجود للقليل",أ
ستي رئيتها ما نقص عليا الا جدران بيتها .,هذه العباره تستخدم في التعبير عن كثرة رؤية الاشخاص يومياً مثل الاصحاب . على سبيل المثال . عندما ارى صديقتي يومياً . تقول لي والتي هذا المثل . انه لم ينقص عليكي الا ان تذهبي وتري حائط منزلها,Western,"المهمة: حدد المعنى الصحيح للعبارة.
السؤال: ما معنى العبارة 'ستي رئيتها ما نقص عليا الا جدران بيتها'؟
الخيارات:
أ) تعبر عن جمال المنزل
ب) تشير إلى قوة العلاقة مع الآخرين
ج) تدل على كثرة لقاء الأشخاص
د) تتعلق بالزراعة",ج
ضربني وبكى سبقني و شكى,ضربني وبكى سبقني و شكى,General,"المهمة: حدد المعنى الدقيق للمثل 'ضربني وبكى سبقني و شكى'.
السؤال: ما هو المعنى المقصود من المثل 'ضربني وبكى سبقني و شكى'؟
الخيارات:
أ) من يشتكي غالباً يكون مذنباً
ب) من يتسبب في الألم يعبر عن شعوره
ج) من لا يرغب في الحديث عن مشاكله
د) من يتجنب المسؤولية يجب أن يُعاقب",ب
على طمام المرحوم,إذا سألك واحد عن شي وتجيبه أن الأمر كما هو عليه لم يتغير .,Central,"المهمة: حدد المعنى الصحيح لعبارة 'على طمام المرحوم'.
السؤال: ما هو المعنى الدقيق للعبارة 'على طمام المرحوم'؟
الخيارات:
أ) الأمور كما هي مذهولة
ب) الأمور لم تتغير
ج) الأمور متعثرة
د) الأمور جيدة",ب
عليه من الله ظل,قليل الحيله و الفهم ، وقد يوصف به الاحمق الذي لا يعي ما يعمل او لا يعي نتائج ما يعمل,Central,"المهمة: حدد المعنى المناسب للجملة.
السؤال: ما معنى 'عليه من الله ظل'؟
الخيارات:
أ) كثير الفهم
ب) متوكل على الله
ج) قليل الحيلة والفهم
د) قوي الشخصية",ج
عمية تحفف مجنونه و تقلها حواجبك سود و مقرونة,شخص غير مؤهل يقود شخص أو أشخاص غير مؤهلين للقيام بالعمل,Central,"المهمة: حدد المعنى الصحيح للمصطلح.
السؤال: ما هو المعنى الصحيح لعبارة 'عمية تحفف مجنونه و تقلها حواجبك سود و مقرونة'؟
الخيارات:
أ) شخص غير مؤهل يقود شخص أو أشخاص غير مؤهلين للقيام بالعمل
ب) شخص يُحسن التصرف و يتولى الأمور بحكمة
ج) شخص مرّ بأزمة و يحتاج إلى دعم
د) شخص يتمتع بمهارات فنية عالية",أ
عنز بدو طاحت في مريس,هذا المثل يقال للشخص اذا ادمن بشكل مبالغ فيه على فعل او اكل شي جديد,Central,"المهمة: حدد المعنى الصحيح للمثل 'عنز بدو طاحت في مريس'.
السؤال: ما هو المعنى الذي يعبر عنه المثل 'عنز بدو طاحت في مريس'؟
الخيارات:
أ) يدل على الإدمان بشكل مفرط
ب) يشير إلى الفخر والاعتزاز
ج) يستخدم في المدح
د) يتحدث عن الخسارة",أ
تفكر الشغلة .نجارة.يضرب بالقدوم ويمسح بالفارة,ليس الأمر بذ بغاية السهولة,Western,"المهمة: حدد معنى العبارة.
السؤال: ماذا تعني العبارة: 'ليس الأمر بذ بغاية السهولة'؟
الخيارات:
أ) الأمر سهل جداً
ب) الأمر ليس سهلاً
ج) الأمر صعب جداً
د) الأمر يتطلب مهارة",ب
قال للغلباوي اسكت وأعطيك ريال ، قال خذ خمسة وخليني اتكلم,مثل يقال للشخص كتير الكلام واللي ما يسكت لو ايش ما تسوي فيه ^^,General,"المهمة: حدد المعنى المقصود من المثل.
السؤال: ما معنى المثل: 'قال للغلباوي اسكت وأعطيك ريال ، قال خذ خمسة وخليني اتكلم'؟
الخيارات:
أ) يُشير إلى الشخص الذي يتحدث كثيرًا
ب) يُعبر عن شخص ساكت
ج) يعني طلب المساعدة
د) يتحدث عن السخاء",أ
قرعة الساقي,يطلق على الشي الذي يكلف اكثر من قيمته,Central,"المهمة: حدد المعنى الصحيح للعبارة 'قرعة الساقي'.
السؤال: ما هو المعنى المقصود بالعبارة 'قرعة الساقي'؟
الخيارات:
أ) الشيء الذي يكلف أكثر من قيمته
ب) أمر سهل جداً
ج) شيء ذو قيمة عالية
د) موقف محرج",أ
قفا الصديق ولا وجه العدو,اذا احد لقى قفاه لعمل ينجزه يقول لك: العذر والسموحه ملقيك قفاي يكون الرد: قفا الصديق ولا وجه العدو,Central,"المهمة: حدد المعنى المرتبط بالقول 'قفا الصديق ولا وجه العدو'.
السؤال: ما معنى عبارة 'قفا الصديق ولا وجه العدو'؟
الخيارات:
أ) احترم صديقك دائماً
ب) جميع الأصدقاء جيدون
ج) من الأفضل أن تلتزم بعملك
د) اعتذار الشخص غير مقبول",أ
كبرت يا بس و صرت تخربش,يقال لهؤلاء الناس الذين يعتقدون ان بمعرفتهم الصغيرة ربما يستطيعون مجارة الكبار,Central,"المهمة: حدد المعنى الصحيح للعبارة:
السؤال: ماذا تعني عبارة 'كبرت يا بس و صرت تخربش'؟
الخيارات:
أ) أصبح الشخص ناضجًا ويتحدث بلا معنى
ب) الشخص أصبح خبيرًا في مجاله
ج) الشخص ينصح الآخرين
د) الشخص يفهم الأمور جيدًا",أ
كل حشفة و لها مقرمش,كل شخص له نصيب من الزواج حتى ولو كان غبيا او كريها او بشعا فيقال هذا المثل دعما لذلك الحشفة هي قطعة نااشفة من الخبر,Western,"المهمة: وضح معنى المثل 'كل حشفة و لها مقرمش'.
السؤال: ما معنى عبارة 'كل حشفة و لها مقرمش'؟
الخيارات:
أ) كل شخص له نصيب من الزواج
ب) الزواج يحتاج إلى حب
ج) الجمال يعكس الشخصية
د) المال هو مفتاح الزواج",أ
كل واحد يشل شيلتة,يدل ذلك على ان كل واحد مسؤؤول عن افعالة,General,"المهمة: حدد المعنى الصحيح للعبارة.
السؤال: ماذا تعني العبارة 'كل واحد يشل شيلتة'؟
الخيارات:
أ) يدل على أن كل واحد مسؤول عن أفعاله
ب) تشير إلى التنافس بين الأفراد
ج) تعني الاعتماد على الآخرين
د) تدل على التعاون الجماعي",أ
لا تتريق الا على صايم مصلي,تقال للتحذير بانه كل شخص تستهزء بيه يوم حتلاقي الشي سار فيك,Western,"المهمة: حدد المعنى الصحيح للمثل.
السؤال: ما هو معنى المثل 'لا تتريق الا على صايم مصلي'؟
الخيارات:
أ) لا تستهزئ بشخص لا يستحق
ب) عليك احترام الجميع
ج) احذر من السخرية ممن يستحقون الاحترام
د) لا تسخر من الناس",ج
لا تحط عصك في شي ما يخصك,اي بمعنى لا تتدخل في امور لا تعنيك وتصبح في مشاكل انت في غنى عنها,Western,"المهمة: اختر الإجابة الصحيحة دون أي ملاحظات إضافية.  
السؤال: ما معنى المثل ""لا تحط عصك في شي ما يخصك""؟  
  الخيارات:  
  A) تدخل في أمور لا تعنيك.  
  B) تكون شخص كريم.  
  C) تحل المشاكل سريعاً.  
  D) تهتم بالصالح العام.",A
لا تسنِّد للبعير، ولا تنحّي للحنش,(عند أهل السراة): الأولى: أي إذا لحقك البعير (الجمل) غاضباً لا تسنّد له مرتفع لأن الجمل سيستطيع اللحاق بك بعكس لو هبطت به منخفض سيتردى على وجهه لو أسرع ورائك. والثانية: ولا تنحي للحنش أي إذا لحق بك ثعبان لا تهبط به منخفض لأنه سينطلق عليك بسرعه هائلة ويدركك، بل أهرب منه صاعداً لأن الصعود يرهقه فلا يستطيع اللحاق بك.,Southern,"المهمة: اختر فقط إجابة واحدة بدون أي ملاحظات إضافية.  
السؤال: ما معنى ""لا تسنِّد للبعير، ولا تنحّي للحنش""؟
الخيارات:  
A) لا تأخذ المخاطر عند مواجهة الأمور الصعبة  
B) تجنب المشي على السطح المنحدر  
C) الهروب من المواقف الخطرة بطريقة صحيحة  
D) لا تعتمد على القوة البدنية في حل المشاكل",C
لبس له جلد النمره,تهیاوا للهجوم له و اعدوا للحرب له و تعصبوا لذلک,Central,"المهمة: حدد المعنى الصحيح للعبارة.
السؤال: ما هو معنى العبارة 'لبس له جلد النمره'؟
الخيارات:
أ) تهيؤوا للهجوم والإعداد للحرب
ب) ارتداء ملابس مزخرفة
ج) التحضير للاحتفال
د) انتصار كبير",أ
لما فرقوا الذوق كان جالس فوق,تقال على الشخص عديم الذوق ومعناه أنه لم يأخذ نصيبه من الذوق عندما أخذ الكل نصيبهم لأنه كان غائبا,Western,"المهمة: حدد المعنى الدقيق للعبارة.
السؤال: ما معنى 'لما فرقوا الذوق كان جالس فوق'?
الخيارات:
أ) تشير لجودة الطعام
ب) تدل على عدم الذوق
ج) تعبر عن الصبر
د) تفيد بالتقدير",ب
ما تطيح السقيفة إلا على الضعيفة,يعني لا يتحمل المصائب إلا الضعفاء وينجوا منها الأقوياء وأصحاب النفوذ,Central,"المهمة: حدد المعنى الصحيح للمثل.
السؤال: ما هو معنى المثل 'ما تطيح السقيفة إلا على الضعيفة'؟
الخيارات:
أ) الأقوياء هم من يتحملون المصائب
ب) الضعفاء هم من يتحملون المصائب
ج) المصائب تتجنب الأضعف
د) السقيفة تسقط على الأقوياء",ب
ما دون الحلدز إلا اليدين,هذا المثل يقال إذا بلغ السيل الزبى، وإذا انتهت كل السبل في محاولة تجنبك لهذا الأمر، فإذا لم يكن هناك طريق إلا هذا الطريق ولو كان خطأً أو خطرًا فاسلكه. فما دون الحلدز إلا اليدين.,General,"المهمة: حدد المعنى الصحيح للمثل 'ما دون الحلدز إلا اليدين'.
السؤال: ما معنى المثل 'ما دون الحلدز إلا اليدين'؟
الخيارات:
أ) يعني أنه لا يوجد حل آخر سوى مواجهة المشكلة.
ب) يعني التصرف بعجل دون تفكير.
ج) يعني عدم الاستسلام أبداً.
د) يعني الانتظار حتى يحدث شيء جيد.",أ
ما في شي ببلاش غير العمى والطراش,المثل واضح ما يحتاجلو شرح . هو بس انو كل شي صاير بفلوس وما في حاجة ببلاش,Western,"المهمة: حدد المعنى الصحيح للمثل: 'ما في شي ببلاش غير العمى والطراش'.
السؤال: ما معنى المثل 'ما في شي ببلاش غير العمى والطراش'؟
الخيارات:
أ) كل شيء موجود بدون مقابل
ب) كل شيء له ثمن
ج) الأشياء الجيدة تُعطى بالمجان
د) العطاء قلة",ب
ما فيها غير صوير وعوير واللي ما فيه خير,عندما تكون كل الخيارات سيئة,General,"المهمة: حدد المعنى الصحيح للجملة.
السؤال: ما المقصود بجملة 'ما فيها غير صوير وعوير واللي ما فيه خير'؟
الخيارات:
أ) عندما يكون هناك خيارات متعددة
ب) عندما تكون كل الخيارات سيئة
ج) عندما يكون الوضع جيداً
د) عندما تكون الخيارات محدودة",ب
ما ورى بيشة عيشة,مثل يقال لمن لا تتنظر منه شي ينفع. اذا كان طلبك او حاجتك عند شخص او شيء لا تتوقع منه ان يجيب لك نتيجة، تقول ما ورى بيشة عيشة.,Southern,"المهمة: اختر إجابة واحدة فقط دون أي ملاحظات إضافية.
السؤال: ما المعنى المقصود بالمثل ""ما ورى بيشة عيشة""؟
A) الحث على الانتقال إلى بيشة للعيش فيها
B) عدم الاعتماد على ما لا يُرتجى منه نفع
C) الإشارة إلى صعوبة الحياة في المناطق الصحراوية
D) تفضيل العيش في المناطق الزراعية) عدم الاعتماد على ما لا يُرتجى منه نفع",B
ما يعرف راصو من ساسو,لا يعرف رأسه من قدميه.,Central,"المهمة: حدد المعنى الصحيح للمثل التالي.
السؤال: ما هو معنى 'ما يعرف راصو من ساسو'؟
الخيارات:
أ) لا يعرف رأسه من قدميه.
ب) يعرف كل شيء.
ج) لديه معرفة محدودة.
د) هو غامض تماماً.
الإجابة الصحيحة:",
ماتلقى الغنج الا عند الحمير العرج,مثال جميل يقال عند رؤية شخص يتدلع و يتغنج و هوا غير أهل لهذا الفعل,Western,"المهمة: حدد المعنى الصحيح للمثل.
السؤال: ما معنى مثل 'ماتلقى الغنج الا عند الحمير العرج'؟
الخيارات:
أ) يُشير إلى التملق
ب) يُعبر عن الجمال
ج) يدل على السخرية
د) يوضح المواقف الغير مناسبة",ج
ماخص من قديد الا عسفان,ترجمتها بالفصحى ليس اسوأ من ( قديد ) سوى ( عسان ) و(قديد) و(عسفان) هي اسماء قرى في الحجاز شمال مكة المكرمة ب كيلو تقريبا . ويضرب هذا المثل لوصف شيئين كلاهما اسوأ من الاخر . ولا اعلم تحديدا سبب التسمية .,Western,"المهمة: حدد المعنى الصحيح للمثل.
السؤال: ما معنى المثل 'ما خص من قديد الا عسفان'؟
الخيارات:
أ) يشير إلى وجود خيار أسوأ من الآخر
ب) يعني عدم وجود أي خيار
ج) يستخدم لوصف الجمال
د) يشير إلى الفرق في الأسعار",أ
مد رجولك على قد لحافك,اكتفي بما عندك أو لا تتوهم شيئا فوق استطاعتك.,Central,"المهمة: حدد معنى التعبير 'مد رجولك على قد لحافك'.
السؤال: ما معنى التعبير 'مد رجولك على قد لحافك'؟
الخيارات:
أ) اترك الأمور تتدبر نفسها
ب) استعد للشيء بشكل جيد
ج) اكتفي بما عندك
د) احلم بأشياء كبيرة",ج
من جرف لدحديرة، يا قلبي لا تحزن,يخرج من مصيبة ليدخل في مصيبة أخرى.,Western,"المهمة: حدد المعنى الصحيح للمثل.
السؤال: ما معنى المثل 'من جرف لدحديرة، يا قلبي لا تحزن'؟
الخيارات:
أ) يخرج من مصيبة ليدخل في مصيبة أخرى.
ب) يعيش في سعادة دائمة.
ج) يتجنب المشاكل دائماً.
د) يسعد بالحياة",أ
من طق الباب لقى الجواب,لكل فعل ردة فعل مساوة له بالمقدار و معاكسة له بالاتجاه,Central,"المهمة: حدد المعنى الصحيح للمثل.
السؤال: ما هو المعنى الصحيح للمثل 'من طق الباب لقى الجواب'؟
الخيارات:
أ) لكل فعل ردة فعل مساوية له بالمقدار ومعاكسة له بالاتجاه
ب) كل مجتهد نصيب
ج) الاتكال على الله يفتح الأبواب
د) الصبر مفتاح الفرج",أ
مين خرج من داره قل مقداره,إلي يمشي من عند ناسوا، يقل قدره,Western,"المهمة: حدد المعنى الصحيح للعبارة المثل: 'مين خرج من داره قل مقداره'.
السؤال: ما هو المعنى الصحيح للمثل 'مين خرج من داره قل مقداره'؟
الخيارات:
أ) الذي يبتعد عن أهله يقل قيمته
ب) الجالس في بيته له سمعة طيبة
ج) الإنسان الذي لا يعرف الناس لا يُحترم
د) العائد من السفر يعتبر محبوب",أ
مين شايفك ياللي في الضلام تغمز,مثل يقال عند رؤية شخص يفعل فعلا على غير فائدة,Western,"المهمة: حدد المعنى الصحيح للمثل.
السؤال: ما هو المعنى الصحيح للمثل 'مين شايفك ياللي في الضلام تغمز'؟
الخيارات:
أ) مثل يقال عند رؤية شخص يفعل فعلا على غير فائدة
ب) مثل يعبر عن الإعجاب بشخص
ج) مثل يُستخدم للفت الانتباه
د) مثل يدل على الحكمة",أ
نظرةٌ إلى ميسرة,يقال عند تأجيل الامور الى وقت غير معلوم .يعني لمن ربنا يحلها,Central,"المهمة: حدد المعنى الصحيح للمصطلح 'نظرةٌ إلى ميسرة'.
السؤال: ما معنى العبارة 'نظرةٌ إلى ميسرة'؟
الخيارات:
أ) التحسين المستمر
ب) تأجيل الأمور لوقت غير معلوم
ج) التخطيط الدقيق
د) اتخاذ القرارات السريعة",ب
ننقر نقر الغراب، ومالنا كون التراب,يعني صلاتنا سريعة ولا لنا منها غير التراب لان الصلاة غير مقبولة وبدون خشوع,General,"المهمة: حدد المعنى المقصود من البيت الشعري.
السؤال: ما هو المقصود بعبارة 'ننقر نقر الغراب، ومالنا كون التراب'؟
الخيارات:
أ) يعني أننا نصلي بسرعة ولا نخشع في الصلاة
ب) يعني أننا نعمل بجد ولا نتعب
ج) يعني أن النجاح يحتاج إلى صبر
د) يعني أن وقت الفراغ مهم",أ
ولد حاره يفهم بالإشاره,بالفصحى =ابن حي شعبي يفهم بالاشاره بمعنى انه ابناء الاحياء الشعبيه بمجرد الاشاره للشيء يفهمه,Western,"المهمة: حدد المعنى الصحيح للعبارة التالية.
السؤال: ما معنى عبارة 'ولد حاره يفهم بالإشاره'؟
الخيارات:
أ) ابن حي شعبي يفهم بالإشارة
ب) ابن عائلة غنية ليس لديه مشاكل
ج) شخص لا يفهم الإشارات
د) شخص طموح يسعى للمعرفة",أ
يا اطخو يا اكسر مخو,مثل يقولو لما الواحد ما يكون عندو حل وسط يعني يخربها يخربها,Western,"المهمة: اختر الجواب الصحيح دون أي ملاحظات إضافية.
السؤال: ما معنى المثل الحجازي ""يا اطخو يا اكسر مخو""؟
الخيارات:
A) شخص يأخذ الأمور بتوازن
B) شخص لا يعرف الحلول الوسطى
C) شخص يحب المغامرة
D) شخص يتصرف بحكمة",B
يا حبا يا دبا,يطلق هذا المثل ع الي ماعنده حل وسط في حياته,Central,"المهمة: ما هو المعنى المقصود من المثل 'يا حبا يا دبا'؟
السؤال: هذا المثل يعني:
الخيارات:
أ) الشخص الذي يحب بشدة
ب) من لديه حلول متعددة
ج) الذي لا يملك حل وسط في حياته
د) الشخص السعيد",ج
يا شين السرج على البقر,يا شين السرج على البقر : يطلق على من تلبّس بلباس هو ليس بكفء له، فالسرج للخيل زينة وأبهة، أما على البقر فقبيح لا حاجة له.,General,"المهمة: اختر إجابة واحدة فقط دون أي ملاحظات إضافية.
السؤال: ما المعنى المقصود بالمثل ""يا شين السرج على البقر""؟
A) التحذير من تربية البقر بدلاً من الخيول
B) وصف شخص يقوم بدور لا يناسبه
C) الإشارة إلى أهمية استخدام السرج عند ركوب الحيوانات
D) التعبير عن جمال البقر عند وضع السرج عليه) وصف شخص يقوم بدور لا يناسبه",B
يا غزال بالقماري وين غزالك بالنهاري,يقال حين يفعل المرء شيئاً في غير وقته,Central,"المهمة: حدد المعنى الصحيح للعبارة.
السؤال: ما معنى عبارة 'يا غزال بالقماري وين غزالك بالنهاري'؟
الخيارات:
أ) يقال عند الفرح
ب) يقال حين يفعل المرء شيئاً في غير وقته
ج) يقال عند الحزن
د) يقال عند السؤال عن شخص مفقود",ب
يا قلبي يا كتكت ياما تشوف و تسكت.,أن ترى أشياء كثيرة و تحفظها كسر أو تتغاضى عنها.,Western,"المهمة: تحديد المعنى الخاص بالعبارة.
السؤال: ما هو المعنى المقصود بالعبارة 'يا قلبي يا كتكت ياما تشوف و تسكت'؟
الخيارات:
أ) أن ترى أشياء كثيرة و تحفظها
ب) أن تعبر عن الحب
ج) أن تشكو الهموم
د) أن تجري محادثة",أ
يا ما حبى يا ما برك,يعني اما ابيض والا اسود. مافيه حل وسط حبى تعني الحبو ، حبو الطفل برك تعني كما تبرك الناقة عند جلوسها,Central,"المهمة: حدد المعنى الصحيح للعبارة.
السؤال: ما معنى 'يا ما حبى يا ما برك'؟
الخيارات:
أ) لا يوجد خيار آخر
ب) يعني كل شيء
ج) إما أبيض أو أسود
د) كل شيء مقبول",ج
يا من شراله من حلاله علّة,مثل شعبي يقال لمن يشتري شيء بماله ويسبب له هذا الشيء المتاعب.,General,"المهمة: حدد المعنى الصحيح للمثل الشعبي.
السؤال: ما معنى مثل 'يا من شراله من حلاله علّة'؟
الخيارات:
أ) شراء شيء غير مناسب يسبب المتاعب
ب) الحصول على شيء بطرق غير شرعية
ج) كسب المال بطريقة مشروعة
د) شراء ملابس جديدة",أ
ياطخو يا اكسر مخو,يطلق هذا المثل على الشي الي يعني مافي حل وسط,Western,"المهمة: حدد المعنى الصحيح للمثل 'ياطخو يا اكسر مخو'.
السؤال: ماذا يعني المثل 'ياطخو يا اكسر مخو'؟
الخيارات:
أ) يعني وجود حل وسط
ب) يعني عدم وجود حل وسط
ج) يعني التردد في اتخاذ القرار
د) يعني الطمأنينة في الأمور",ب
يعرج العبد من برطمه,حينما يبحث الشخص عن حجة لا تناسب الموضوع,Central,"المهمة: حدد المعنى الصحيح للمثل المذكور.
السؤال: ما هو المعنى الذي يُعبر عنه المثل 'يعرج العبد من برطمه'؟
الخيارات:
أ) أن الشخص يحاول التهرب من المسؤولية بحجة غير مناسبة
ب) أن الشخص يتحمل الصعاب بشجاعة
ج) أن الشخص يساعد الآخرين دون انتظار مقابل
د) أن الشخص ينجح رغم التحديات) أن الشخص يحاول التهرب من المسؤولية بحجة غير مناسبة",أ
اللقمة في الفاقة أحسن من الناقة,الشيء القليل في وقته المناسب أفضل من الكثير في غير وقته.,General,"المهمة: حدد المعنى الصحيح للمثل المذكور (اللقمة في الفاقة أحسن من الناقة).
السؤال: ما الفكرة التي يركز عليها هذا المثل؟
الخيارات:
أ) الشيء القليل في وقته المناسب أفضل من الكثير في غير وقته.
ب) تفضيل الإبل
ج) كثرة المال
د) الجوع",أ
