Term,Meaning_of_term,Dialect type,Cultural_Interpretation_question,correct_answer
إذا حجت البقرة على قرونها,بمعنى المستحيل ولايمكن وقوعة,General,"المهمة: اختر إجابة واحدة فقط دون أي ملاحظات إضافية.
السؤال: ما الدلالة الثقافية للمثل ""إذا حجت البقرة على قرونها""؟
الخيارات:
A) التأكيد على إمكانية تحقيق الأمور الصعبة
B) رفض فكرة حدوث أمر مستحيل
C) تقدير الجهود المبذولة لتحقيق الهدف
D) تشجيع الآخرين على التفكير في المستحيل) رفض فكرة حدوث أمر مستحيل",B
أَدْنَى حَمُول غَانا راعِيه,(عند أهل السراة) تستخدم بمعنى أن الأنسان يعيش على أدنى الميسور والموجود. وهي تفيد القناعة. أدنى: أقل. حمول: ما يحمل على الجمل وهي هنا ما تقتنيه. غانا: لغة في أغنى. راعيه: صاحبه.,Southern,"المهمة: اختر إجابة واحدة فقط دون أي ملاحظات إضافية.
السؤال: ما الدلالة الثقافية للمثل ""أدْنَى حَمُول غَانا راعِيه""؟
الخيارات:
A) القناعة والرضا تجعل الإنسان غنيًا
B) الطموح العالي هو السبيل الوحيد للنجاح
C) كثرة المال تضمن السعادة والاستقرار
D) التنقل والترحال يساعدان في تحقيق الثروة) القناعة والرضا تجعل الإنسان غنيًا",A
أن كان مالك من ذراعك نجده شربك على يدين الرجال هماج,هي بالأساس بيت قصيد، لكن أُستخدم كمثل ومعناها أنك ستتعرض للمذلة، أن لم تعتمد على نفسك,Central,"المهمة: اختر إجابة واحدة فقط دون أي ملاحظات إضافية.
السؤال: ما الدلالة الثقافية للمثل ""إن كان مالك من ذراعك نجده، شربك على يدين الرجال هماج""؟
الخيارات:
A) العمل الجاد والاعتماد على النفس هما مفتاح النجاح
B) التعاون مع الآخرين أفضل من العمل الفردي
C) كثرة المال تضمن السعادة والاستقرار
D) الرزق يأتي دون الحاجة إلى جهد) العمل الجاد والاعتماد على النفس هما مفتاح النجاح",A
إلي يجيك أحسن من إلي ترحلو,مثل معناه: إلي يفكر فيك أحسن من إلي تفكر فيه.,Western,"المهمة: وضح المعنى الثقافي للمثل.
السؤال: ماذا يعني المثل 'إلي يجيك أحسن من إلي ترحلو' في الثقافة السعودية؟
الخيارات:
أ) يفضل الناس من يزورهم على من يهجرهم
ب) تستمر العلاقات عبر المراسلة
ج) الصداقة ليست مهمة
د) الزيارة ليست ذات قيمة",أ
ابن صلمعه بن قلمعه ما تنفع معاه الحيل المجمعه,وصَلْمَعةُ‎ ‎بن‎ قَلْمَعةَ: كناية عمن لا يعرف ولا يُعْرَفُ أَبوه وهذا المثل يقال عند ذم الشخص,Central,"المهمة: فسر المعنى الثقافي لمثل 'ابن صلمعه بن قلمعه ما تنفع معاه الحيل المجمعه'.
السؤال: لماذا يُعتبر هذا المثل مهمًا في الثقافة السعودية؟
الخيارات:
أ) لأنه يدعو إلى التعلم والمثابرة
ب) لأنه ينبه لعدم الاعتماد على بعض الأشخاص
ج) لأنه يعترف بقدرات الآخرين
د) لأنه يعزز التواصل الاجتماعي",ب
ابو فرفور ذنبو مغفور,اللي نحبه نغفرله كل شي,Western,"المهمة: اشرح ما تعكسه هذه العبارة عن الثقافة السعودية.
السؤال: ماذا تعكس عبارة 'ابو فرفور ذنبو مغفور' عن العادات الاجتماعية في المجتمع السعودي؟
الخيارات:
أ) التشدد في العقوبات
ب) التسامح والمودة بين الأفراد
ج) أهمية القانون
د) دعم النجاح الفردي",ب
اجري يا مشكاح للي قاعد مرتاح,المِشْكاح يُراد به كثير السعي والحركة، ويُضرب لمن يأتيه رزقه من سعي غيره بلا طلب منه,Western,"المهمة: فسر الجانب الثقافي المرتبط بالمثل.
السؤال: ما الذي يعكسه المثل 'اجري يا مشكاح للي قاعد مرتاح' عن الثقافة السعودية؟
الخيارات:
أ) أهمية الراحة
ب) قيمة العمل والسعي
ج) التقدير للترفيه
د) تعزيز الاعتماد على الغير",ب
ازا اكلو العنب عليك قول حامض,تنقال لماً واحد يقعد متكرن عشان فاتو شي حلو مثل مشهور في الطايف,Western,"المهمة: وضح الفكرة الثقافية المتعلقة بالمثل.
السؤال: ما الفكرة الثقافية التي يعبر عنها المثل 'ازا اكلو العنب عليك قول حامض'؟
الخيارات:
أ) أهمية الصبر في مواجهة الصعوبات.
ب) ضرورة التعامل مع الإحباطات بنظرة إيجابية.
ج) قيمة الصراحة في العلاقات.
د) أهمية التواضع عند الفشل.",ب
استعرنا مشطها المرجان لقيناه مليان صيصان,احيانا نغتر بحال بعض الناس ونتفاجأ بأنهم عكس ما يظهرون,Western,"المهمة: تفسير المقولة في سياق ثقافي.
السؤال: ماذا تعكس المقولة 'استعرنا مشطها المرجان لقيناه مليان صيصان' عن ثقافة المجتمع السعودي؟
الخيارات:
أ) أهمية المظاهر
ب) الترابط بين الناس
ج) غطرسة البعض
د) حب السيطرة",ب
الثالثة ثابتة,"تعني أن ""المحاولة الثالثة ستنجح"". ك(تنبأ)",General,"المهمة: اختر الجواب الذي يوضّح التفسير الثقافي للمثل.
السؤال: ما الذي يعكسه مثل 'الثالثة ثابتة' في الثقافة السعودية؟
الخيارات:
أ) الإصرار على النجاح
ب) الخوف من الفشل
ج) الابتعاد عن المحاولة
د) الاعتماد على الحظ",أ
اقولة تيس يقول احلبة,افولة تيس يقول احلبة : يعني ماتفهم انت مافي معلوم,General,"المهمة: اختر الجواب الصحيح دون أي ملاحظات إضافية.  
**السؤال: ما المعنى الثقافي لمثل ""اقولة تيس يقول احلبة""؟  
الخيارات:  
A) يدل على الافتخار بالمعلومات.  
B) يشير إلى عدم الفهم في بعض الأمور.  
C) يحث على العلم والمعرفة.  
D) يشجع على المشاركة بين الناس.",B
البيض الفاسد يتدردب على بعضو,يعني انو الناس الخربانه الفاسده تخرب الكويسيين ويسيرو فاسدين زيهم,Western,"المهمة: ما الذي يعكسه هذا المثل عن الثقافة السعودية؟
السؤال: 'البيض الفاسد يتدردب على بعضو' يعكس:
الخيارات:
أ) أهمية الصداقات الطيبة
ب) تشجيع الفوضى
ج) عدم اهتمام الناس
د) النجاح في العمل",أ
الحي يحييك والميت يزيدك غبن,تقال للمقارنة بين شخصين افعال احدهم من الحركة وتنفيذ بالعمل تبعث فيك الحياة، وآخر كسول ولا ينجز شيئاً فيصيبك بالغبن.,General,"المهمة: اختر إجابة واحدة فقط دون أي ملاحظات إضافية.
السؤال: كيف يعكس المثل ""الحي يحييك والميت يزيدك غبن"" منظور الثقافة السعودية للحياة؟
الخيارات:
A) يؤكد على دور العائلة في اتخاذ القرارات
B) تأثير الأشخاص النشطين على من حولهم
C) يشير إلى أهمية الاستمتاع بالحياة دون عمل
D) يركز على أن الحظ هو العامل الأساسي للنجاح",B
الخلق الدني واللسان البذي ما يفلح ولا يغتني,في ذم الشخص بذيء اللسان والأفعال,Western,"المهمة: فسر المعنى الثقافي وراء هذا القول.
السؤال: ما هو التفسير الثقافي للقول 'الخلق الدني واللسان البذي ما يفلح ولا يغتني'؟
الخيارات:
أ) يشير إلى أن الأخلاق السيئة تؤدي للفشل
ب) يدل على قيمة المال في الحياة
ج) يبرز أهمية المعرفة
د) يشجع على التحصيل العلمي",أ
الذيب على طاريه,هو مثل شعبي يقال عندما تتحدث عن شخص وهو غائب وفي نفس الوقت يأتي ذلك الشخص الذي كنت تتحدث عنه,General,"المهمة: اختر إجابة واحدة فقط دون أي ملاحظات إضافية.
السؤال: ما الرمزية الثقافية للمثل ""الذيب على طاريه"" في المجتمع السعودي؟
الخيارات:
A) يعكس أهمية الذكاء والحذر في المجتمع
B) يعبر عن الاعتقاد بالحظ والمصادفة
C) يرمز إلى التعاون بين أفراد المجتمع
D) يدل على أهمية الالتزام بالعادات والتقاليد) يعبر عن الاعتقاد بالحظ والمصادفة",B
الطول طول النخله والعقل عقل سخله,هو ان يكون الشحص ذو هيبه و وقار وطويل القامه ولكن عقله يشبه بعقل السخله السخله:هي صغير الضأن والماعز بالتالي ليس الشكل يحكم دوما على جوهر المرء، إنما منطوقه وأفعاله وما يحمله في داخله، فكل إناء بما فيه ينضح. ياتي ضرب المثل أحيانا من باب المزاح، والفكاهة؛ لكي لا نجرح غيرنا,General,"المهمة: اشرح ما يعكسه المثل عن الثقافة السعودية.
السؤال: ما هو التفسير الثقافي وراء هذا المثل؟
الخيارات:
أ) يعكس تقدير الشكل على الجوهر
ب) يبرز أهمية الأخلاق والسلوك
ج) يُشير إلى الذكاء على أنه مرتبط بالمظهر
د) يُظهر الانفتاح على الثقافات الأخرى",ب
الغربة كربة وهم للركبة,عن قسوة الاغتراب ومصاعبها,Western,"المهمة: فكر في التعبير من منظور ثقافي.
السؤال: ما الذي يعنيه التعبير 'الغربة كربة وهم للركبة' بالنسبة للسعوديين؟
الخيارات:
أ) يعيش الشخص تجربة نجاح كبيرة
ب) يعاني الشخص من الوحدة والحنين للوطن
ج) يشعر الشخص بمرح الحياة
د) يعتمد الشخص على الآخرين",ب
اللي ما يعرف الصقر يشويه,اللذي لا يعرف قيمة الشي يفسده او تذهب فرصته,Central,"المهمة: اختر الإجابة الصحيحة فقط دون أي ملاحظات إضافية.  
السؤال: ما هي الدلالة الثقافية للمثل ""اللي ما يعرف الصقر يشويه""؟  
الخيارات:  
A) يبرز أهمية المعرفة والقيمة في المجتمع  
B) يشير إلى التقاليد في عروض الصقور  
C) يعبر عن التفاؤل بالمستقبل  
D) يدل على الطموح في الحياة",A
اللي نحبه نبلع له الزلط واللي نكرهه نحاسبه على الغلط,"صيغة أخرى ""إللي تحبه تبلع له الزلط وإللي تكرهه تقعد له على الغلط"" الزلط هي الحجارة ويقصد بالمثل أن الناس يتسامحون مع أخطاء أحبابهم حبيبك يمضغ لك الزلط وعدوك يعد لك الغلط",Western,"المهمة: اشرح معنى المثل من منظور الثقافة السعودية.
السؤال: كيف يمكن تفسير المثل 'اللي نحبه نبلع له الزلط واللي نكرهه نحاسبه على الغلط' في الثقافة السعودية؟
الخيارات:
أ) يدل على الصداقات القوية
ب) يقصد أن العلاقات تقبل الأعذار
ج) يعني الكرم في العلاقات
د) يعكس الشفافية بين الناس",ب
النار ما تحرق الا رجل واطيها,النار لا تحرق الا من يضع رجله عليها,Central,"المهمة: حدد التفسير الثقافي للعبارة.
السؤال: ما الذي تعكسه عبارة 'النار ما تحرق الا رجل واطيها' عن القيم السعودية؟
الخيارات:
أ) أهمية الحذر والانتباه
ب) صحة العذابات
ج) خطر الأنشطة الجماعية
د) العزيمة مقابل العذابات",أ
الناس في الناس والعجوزه في الطلق والنفاس,يطلق هذا المثل على الي جالسه مع الشله وهم في وادي وهي في وادي,Central,"المهمة: حدد ما الذي يعكسه هذا المثل عن الثقافة السعودية.
السؤال: أي جانب من الجوانب الثقافية يعبر عنه المثل 'الناس في الناس والعجوزه في الطلق والنفاس'؟
الخيارات:
أ) التنوع الاجتماعي في المجتمع
ب) أهمية الصداقة
ج) الاستقرار العائلي
د) الثقافة التقليدية",أ
الي مايطول الرطب يابس عنه يقول,الذي لا يطول الرطب يابس عنه يقول تقال للشخص الذي لديه غيره كما في مثالي,Central,"المهمة: اشرح كيف تعكس العبارة جزءاً من الثقافة السعودية.
السؤال: كيف تعكس عبارة 'الي مايطول الرطب يابس عنه يقول' نظرة المجتمع السعودي تجاه الطموح والجدية؟
الخيارات:
أ) تعكس حب الناس للكلام.
ب) تظهر أن التحديات تستدعي العمل الجاد.
ج) تدل على الكسل.
د) تعكس التقدير للتنقل.",ب
بدوي طاحلو في تمرة,واحد ما صدق على الله يلاقيلو شي، وما سابو.,Western,"المهمة: اشرح دلالة التعبير في الثقافة السعودية.
السؤال: ما الذي يرمز إليه تعبير 'بدوي طاحلو في تمرة' في الثقافة السعودية؟
الخيارات:
أ) عدم اليأس من الحياة
ب) أهمية الثقة بالله
ج) الانتظار لتحقيق الأمنيات
د) الحذر عند التعامل مع الآخرين",ب
بعد ما أكل واتكا قال ريحته مستكا,شخص يشكي او لم يرضي عن وجبة اكلها بعد أن أكل جميع ما فيها.,Western,"المهمة: صف المعنى الثقافي للجملة.
السؤال: ماذا تعكس الجملة: 'بعد ما أكل واتكا قال ريحته مستكا' عن ثقافة الطعام في السعودية؟
الخيارات:
أ) تعكس أهمية الشكوى في الآداب الاجتماعية.
ب) تظهر مدى تنوع الأذواق في الطعام.
ج) تشير إلى الرضا التام عن الطعام.
د) تعكس تجربة شخصية في تناول الطعام.",د
بو طبيع مايجوز عن طبعه,تعني أن صاحب الطبع من الصعب والمستحيل أن يتخلى عن طبعه المعروف به.,General,"المهمة: فسر لنا معنى المثل في الثقافة السعودية.
السؤال: ما الذي يعكسه مثل 'بو طبيع مايجوز عن طبعه' عن المجتمع السعودي؟
الخيارات:
أ) أهمية التغيير والتجديد.
ب) قيمة الثبات على العادات والتقاليد.
ج) أهمية التعلم من الأخطاء.
د) أهمية العلاقات الاجتماعية.",ب
بيكحّلها عماها,بمعنى: أراد أن يكحلها فأعماها. تقال عندما يحاول شخص إصلاح أمر فيفسده.,General,"المهمة: اختر الإجابة الصحيحة دون أي ملاحظات إضافية.  
السؤال: ما الدلالة الثقافية للمثل ""بيكحّلها عماها""؟  
الخيارات:  
A) يتحدث عن النجاح والسعادة  
B) يشير إلى أهمية التدخل بحذر  
C) يعبر عن الفخر في إنجازات الفرد  
D) يركز على التعاون بين الأفراد  

الجواب الصحيح: B (يشير إلى أهمية التدخل بحذر)",
تيتي تيتي زي ما رحتي زي ما جيتي,شخص لم يستطع القيام بمهمة كُلف بها او فشل فيها,Western,"المهمة: تحليل معنى العبارة في الثقافة السعودية.
السؤال: ما هو التفسير الثقافي للعبارة 'تيتي تيتي زي ما رحتي زي ما جيتي'؟
الخيارات:
أ) تعبر عن النجاح
ب) تدل على الانغماس في الحياة
ج) تشير إلى عدم التقدم أو الفشل
د) تعبر عن السعادة",ج
جابلي أعمى يِوَنّسني بَحلَق بِعينو فَجعني,يقال هذا المثل عندما نتحسر مثلاً على خادمة جديدة وهكذا!,Western,"المهمة: اشرح السياق الثقافي للمثل المذكور.
السؤال: لماذا يُعتبر المثل 'جابلي أعمى يِوَنّسني بَحلَق بِعينو فَجعني' شائعاً في الثقافة السعودية؟
الخيارات:
أ) لأنه يعبر عن التحسر على الأشياء
ب) لأنه يعبر عن الفخر بالحياة
ج) لأنه يحمل معنى الضحك فقط
د) لأنه يستخدم في الحكايات القديمة",أ
جات تكحلها عمتها,تقال عندما يريد الشخص ان يقول او يفعل شيئا ويعدله ، ولكنه يخربه أكثر,Western,"المهمة: فسر كيف يعكس مثل 'جات تكحلها عمتها' الثقافة السعودية.
السؤال: ما هو التفسير الثقافي وراء مثل 'جات تكحلها عمتها'؟
الخيارات:
أ) يعكس الجهد المبذول والإخفاق.
ب) يعكس الفخر بالعمل المنجز.
ج) يعكس البحث عن النجاح.
د) يعكس الخمول والتقصير.",أ
جاك يا مهنى ماتمنى,مثل يُقال عندما يأتيك شيء تتمناه وخصوصاً اذا أتاك بسهوله أو مصادفه تتمناها,General,"المهمة: اختر التفسير الثقافي الصحيح للمثل.  
السؤال: ما هي الأهمية الثقافية لمثل ""جاك يا مهنى ماتمنى""؟  
الخيارات:  
A) يعكس أهمية العمل الجاد في تحقيق الأماني.  
B) يشير إلى قناعة الناس بأن الحظ يلعب دورًا في الحياة.  
C) يبرز التقدير للصدف السعيدة.  
D) يشجع على عدم توقع الأمور بسهولة.) يبرز التقدير للصدف السعيدة.",C
حبسوه في كيس مع ابليس طلع ابليس منه يستغيث,عن دهاء وخبث وشر بعض الناس,General,"المهمة: اذكر نوع السلوك الذي يعكسه هذا المثل في الثقافة السعودية.
السؤال: كيف يعكس المثل 'حبسوه في كيس مع ابليس طلع ابليس منه يستغيث' سلوك بعض الناس في المجتمع؟
الخيارات:
أ) يعكس التعاون والتسامح
ب) يدل على الخداع والشر
ج) يعبر عن الكرم والجود
د) يقف مع الصدق والأمانة",ب
حرك تبلش,تقال حينما يعبث الشخص بشي وينتج عنه تلف او تغيير سلبي له,Central,"المهمة: شرح عبارة 'حرك تبلش' في السياق الثقافي.
السؤال: ما الذي يُشير إليه مصطلح 'حرك تبلش' في الثقافة السعودية؟
الخيارات:
أ) التصرف بإهمال يؤدي إلى مشاكل.
ب) العمل الجاد لتحقيق الأهداف.
ج) التواصل الاجتماعي بين الأصدقاء.
د) مشاركة الأفكار في المشاريع.",أ
حزمة كراث ولا صنيعة نخولي,الرضا بالقليل أفضل من طلب المعروف من غير أهله، ,General,"المهمة: اشرح كيف تعكس العبارة القيم الثقافية.
السؤال: كيف تعكس عبارة 'حزمة كراث ولا صنيعة نخولي' قيمة الرضا في الثقافة السعودية؟
الخيارات:
أ) تدل على الكرم
ب) تعبر عن الاعتزاز بالنفس
ج) تشير إلى أهمية الحصول على المساعدة
د) تدل على القناعة والرضا بما هو متوفر",د
خطط في ماء واقبص في حيد,مثل شعبي قديم ومعروف لدى أهالي منطقة عسير يقال عندما يشعر الشخص باليأس من جدوى الحديث والنصيحة لشخص ما,Southern,"المهمة: شرح الدلالة الثقافية للمثل.
السؤال: ما الذي يعكسه المثل 'خطط في ماء واقبص في حيد' عن الثقافة السعودية؟
الخيارات:
أ) التفاؤل الدائم
ب) أهمية الحكمة والتفكير
ج) الإحباط من بعض النصائح
د) الرغبة في التغيير",ج
خليك على قردك لا يجيك أقرد منه,مثل حجازي تعني : اصبر على ما ابتلاك الله به حتى لا يأتيك ما هو أبلى!,Western,"المهمة: فسر ماذا يعني هذا المثل في الثقافة السعودية.
السؤال: لماذا يُعتبر مثل 'خليك على قردك لا يجيك أقرد منه' شائعاً في الثقافة السعودية؟
الخيارات:
أ) لأنه يعكس قيم الصبر والرضا
ب) لأنه يشجع الناس على التغيير
ج) لأنه يدعو للتهور
د) لأنه يتعلق بالفقر",أ
دقه بدقه و لو زدت زاد السقا,مثل يعني العين بالعين و السن بالسن و له قصة مشهوره,Central,"المهمة: حدد السياق الثقافي الخاص بالمثل.
السؤال: لماذا يُعتبر مثل 'دقه بدقه و لو زدت زاد السقا' شائعًا في الثقافة السعودية؟
الخيارات:
أ) لأنه يعكس قيم العدل والمساواة
ب) لأنه يتحدث عن الزراعة
ج) لأنه يركز على أهمية المال
د) لأنه مرتبط بالأسفار",أ
ذكرنا القط قام ينط,تكلمنا عن حد وجا بنفس اللحظه,Western,"المهمة: فسر الجملة وفقًا للثقافة السعودية.
السؤال: كيف تعكس الجملة 'ذكرنا القط قام ينط' الثقافة السعودية؟
الخيارات:
أ) تعبر عن الأحاديث اليومية بين الأصدقاء
ب) تدل على أهمية الحيوانات في المجتمع
ج) تعبر عن التعاون بين أفراد الأسرة
د) تعكس الفخر بالقيم التقليدية",أ
رضينا بالهم والهم ما رضي بنا,رضينا بالهم والهم ما رضي بنا,General,"المهمة: ما هو التفسير الثقافي للمثل؟
السؤال: يدل المثل 'رضينا بالهم والهم ما رضي بنا' على ___ في الثقافة السعودية.
الخيارات:
أ) التسليم بالقضاء والقدر
ب) أهمية تحمل المسؤولية
ج) دعوة للتفاؤل
د) طبيعة الحياة الصعبة",أ
ريحة ابو علي ولا عدموو,ريحة ابو علي ولا عدمو : الشي القليل خير من عدم وجوده اصلاََ,Western,"المهمة: اشرح المعنى الثقافي للتعبير.
السؤال: ماذا يعكس تعبير 'ريحة ابو علي ولا عدمو' من قيم ثقافية؟
الخيارات:
أ) التقدير للقليل
ب) فقدان الأمل
ج) التجاهل
د) الفخر بالكثير",أ
ستي رئيتها ما نقص عليا الا جدران بيتها .,هذه العباره تستخدم في التعبير عن كثرة رؤية الاشخاص يومياً مثل الاصحاب . على سبيل المثال . عندما ارى صديقتي يومياً . تقول لي والتي هذا المثل . انه لم ينقص عليكي الا ان تذهبي وتري حائط منزلها,Western,"المهمة: اشرح القيمة الثقافية المعنية في العبارة.
السؤال: ما هو التفسير الثقافي للعبارة 'ستي رئيتها ما نقص عليا الا جدران بيتها'؟
الخيارات:
أ) تعبر عن الروابط الأسرية
ب) تتعلق بالضيافة
ج) تشير إلى العمل الجماعي
د) تدل على المنافسة",أ
ضربني وبكى سبقني و شكى,ضربني وبكى سبقني و شكى,General,"المهمة: فسر كيف يعكس هذا المثل جوانب من الثقافة السعودية.
السؤال: ما الذي يعكسه مثل 'ضربني وبكى سبقني و شكى' من جوانب الثقافة السعودية؟
الخيارات:
أ) أهمية التفاهم والدعم بين الأصدقاء
ب) الأخلاق المرتبطة بالأمانة
ج) مفهوم العزوة والقبيلة
د) العلاقات الأسرية والتضامن",أ
على طمام المرحوم,إذا سألك واحد عن شي وتجيبه أن الأمر كما هو عليه لم يتغير .,Central,"المهمة: فسر المعنى الثقافي لعبارة 'على طمام المرحوم'.
السؤال: ماذا تعني عبارة 'على طمام المرحوم' في الثقافة السعودية؟
الخيارات:
أ) تعبر عن الاستسلام
ب) تعبر عن الثبات على الحال
ج) تعبر عن التفاؤل
د) تعبر عن الحزن",ب
عليه من الله ظل,قليل الحيله و الفهم ، وقد يوصف به الاحمق الذي لا يعي ما يعمل او لا يعي نتائج ما يعمل,Central,"المهمة: وضح ما تعكسه العبارة عن الثقافة السعودية.
السؤال: ماذا تعكس عبارة 'عليه من الله ظل' عن نظرة المجتمع السعودي للأشخاص الذين يفتقرون للحيلة؟
الخيارات:
أ) تقدير البدلاء
ب) احترم الفشل
ج) النظر إلى الأشخاص المحتاجين بفهم
د) الإعجاب بالشجاعة",ج
عمية تحفف مجنونه و تقلها حواجبك سود و مقرونة,شخص غير مؤهل يقود شخص أو أشخاص غير مؤهلين للقيام بالعمل,Central,"المهمة: فسر العبارة من منظور ثقافي.
السؤال: ما الذي يعكسه استخدام 'عمية تحفف مجنونه و تقلها حواجبك سود و مقرونة' عن الثقافة السعودية؟
الخيارات:
أ) تأكيد على أهمية الكفاءة في العمل
ب) دعابة عن الجمال
ج) حول المشاعر الأسرية
د) يعد تنبيهًا اجتماعيًا",أ
عنز بدو طاحت في مريس,هذا المثل يقال للشخص اذا ادمن بشكل مبالغ فيه على فعل او اكل شي جديد,Central,"المهمة: فسر المعنى الثقافي للمثل.
السؤال: ما الذي يعكسه المثل 'عنز بدو طاحت في مريس' من قيم المجتمع السعودي؟
الخيارات:
أ) أهمية الاعتدال
ب) ضرورة التواصل الاجتماعي
ج) قيمة الشجاعة
د) تقبل المجتمع للخطأ بشكل واسع",أ
تفكر الشغلة .نجارة.يضرب بالقدوم ويمسح بالفارة,ليس الأمر بذ بغاية السهولة,Western,"المهمة: فسر العبارة ثقافياً.
السؤال: ما هو المعنى الثقافي للعبارة 'نجارة' في اللهجة السعودية؟
الخيارات:
أ) فن الحرف اليدوية
ب) العمل في المجال الطبي
ج) المهن الإدارية
د) دراسة العلوم",أ
قال للغلباوي اسكت وأعطيك ريال ، قال خذ خمسة وخليني اتكلم,مثل يقال للشخص كتير الكلام واللي ما يسكت لو ايش ما تسوي فيه ^^,General,"المهمة: فسر كيف يعكس المثل ثقافة المجتمع السعودي.
السؤال: ما الذي يعكسه هذا المثل عن السياق الاجتماعي في السعودية؟
الخيارات:
أ) يحث على الصمت
ب) يعبر عن روح الدعابة
ج) يشجع على التحدث
د) يُظهر قيمة المال",ب
قرعة الساقي,يطلق على الشي الذي يكلف اكثر من قيمته,Central,"المهمة: اشرح معنى العبارة في سياق الثقافة السعودية.
السؤال: ماذا تعني عبارة 'قرعة الساقي' في الثقافة السعودية؟
الخيارات:
أ) تعبر عن التفاخر بالمظاهر
ب) تدل على حظ سيء
ج) تحذر من شراء الأشياء الغالية دون سبب
د) تشير إلى الربح السريع",ج
قفا الصديق ولا وجه العدو,اذا احد لقى قفاه لعمل ينجزه يقول لك: العذر والسموحه ملقيك قفاي يكون الرد: قفا الصديق ولا وجه العدو,Central,"المهمة: فسر كيف يعكس قول 'قفا الصديق ولا وجه العدو' الثقافة السعودية.
السؤال: ما الذي يعبر عنه هذا القول في الثقافة السعودية؟
الخيارات:
أ) أهمية العلاقات الاجتماعية
ب) عدوك هو عدوك لإطلاق العذر
ج) التواصل الدائم ضروري
د) العمل تحت الضغط",أ
كبرت يا بس و صرت تخربش,يقال لهؤلاء الناس الذين يعتقدون ان بمعرفتهم الصغيرة ربما يستطيعون مجارة الكبار,Central,"المهمة: حدد التفسير الثقافي للعبارة:
السؤال: ما الذي تعكسه عبارة 'كبرت يا بس و صرت تخربش' من ثقافة المجتمع السعودي؟
الخيارات:
أ) وقار وكلام حكيم
ب) المرح والسخرية من عدم النضوج
ج) التحفيز على التعلم
د) احترام الآراء",ب
كل حشفة و لها مقرمش,كل شخص له نصيب من الزواج حتى ولو كان غبيا او كريها او بشعا فيقال هذا المثل دعما لذلك الحشفة هي قطعة نااشفة من الخبر,Western,"المهمة: تفسير المعنى الثقافي للمثل.
السؤال: ما الذي يعكسه المثل 'كل حشفة و لها مقرمش' من الناحية الثقافية؟
الخيارات:
أ) أهمية المال في الزواج
ب) العدالة في الفرص الاجتماعية
ج) تقدير القيم الثقافية
د) السعي لتحقيق الأهداف",ب
كل واحد يشل شيلتة,يدل ذلك على ان كل واحد مسؤؤول عن افعالة,General,"المهمة: فسر العبارة من منظور ثقافي.
السؤال: كيف تعكس العبارة 'كل واحد يشل شيلتة' القيم الثقافية في المجتمع السعودي؟
الخيارات:
أ) تشير إلى أهمية المسؤولية الفردية
ب) تدل على عدم التعاون
ج) تعكس التنافس السلبي
د) تعني الاعتماد الكلي على الحكومة",أ
لا تتريق الا على صايم مصلي,تقال للتحذير بانه كل شخص تستهزء بيه يوم حتلاقي الشي سار فيك,Western,"المهمة: فسر المعنى الثقافي للمثل.
السؤال: ما الذي يُشير إليه المثل 'لا تتريق الا على صايم مصلي' في الثقافة السعودية؟
الخيارات:
أ) استهزاء بمشاعر الآخرين
ب) أهمية الاحترام في المجتمع
ج) قيمة الصلاة
د) الشك في نوايا الناس",ب
لا تحط عصك في شي ما يخصك,اي بمعنى لا تتدخل في امور لا تعنيك وتصبح في مشاكل انت في غنى عنها,Western,"المهمة: اختر فقط إجابة واحدة بدون أي ملاحظات إضافية.  
 السؤال: ما هي الدلالة الثقافية للمثل ""لا تحط عصك في شي ما يخصك""؟  
  الخيارات:  
  A) يشجع على الفضول.  
  B) يعبر عن الحكمة والحرص على تفادي المشاكل.  
  C) يعزز التواصل الاجتماعي.  
  D) يشجع على التعاون والمشاركة.",B
لا تسنِّد للبعير، ولا تنحّي للحنش,(عند أهل السراة): الأولى: أي إذا لحقك البعير (الجمل) غاضباً لا تسنّد له مرتفع لأن الجمل سيستطيع اللحاق بك بعكس لو هبطت به منخفض سيتردى على وجهه لو أسرع ورائك. والثانية: ولا تنحي للحنش أي إذا لحق بك ثعبان لا تهبط به منخفض لأنه سينطلق عليك بسرعه هائلة ويدركك، بل أهرب منه صاعداً لأن الصعود يرهقه فلا يستطيع اللحاق بك.,Southern,"المهمة: اختر إجابة واحدة فقط دون أي ملاحظات إضافية.
السؤال: ما المغزى الثقافي لمثل ""لا تسنِّد للبعير، ولا تنحّي للحنش"" في الثقافة السعودية؟
A) ضرورة التعامل بحذر مع الحيوانات المفترسة
B) معرفة طبيعة البيئة الصحراوية وأساليب البقاء فيها
C) تعلم استراتيجيات الهروب من المخاطر الطبيعية
D) التركيز على تجنب المشاكل بدلاً من مواجهتها) معرفة طبيعة البيئة الصحراوية وأساليب البقاء فيها",B
لبس له جلد النمره,تهیاوا للهجوم له و اعدوا للحرب له و تعصبوا لذلک,Central,"المهمة: فسر العبارة من منظور ثقافي.
السؤال: كيف تعكس عبارة 'لبس له جلد النمره' الثقافة السعودية؟
الخيارات:
أ) تعبر عن قوة الشجاعة والإقدام
ب) تشير إلى حب الطبيعة
ج) ترتبط بالاحتفالات
د) تدل على التسامح",أ
لما فرقوا الذوق كان جالس فوق,تقال على الشخص عديم الذوق ومعناه أنه لم يأخذ نصيبه من الذوق عندما أخذ الكل نصيبهم لأنه كان غائبا,Western,"المهمة: فسر المعنى الثقافي للعبارة.
السؤال: ما الذي يعكسه استخدام العبارة 'لما فرقوا الذوق كان جالس فوق' عن الثقافة السعودية؟
الخيارات:
أ) أهمية التواجد الاجتماعي
ب) التفوق الثقافي
ج) الإحساس بالانتماء
د) العلاقات الاقتصادية",أ
ما تطيح السقيفة إلا على الضعيفة,يعني لا يتحمل المصائب إلا الضعفاء وينجوا منها الأقوياء وأصحاب النفوذ,Central,"المهمة: فسر المعنى الثقافي للمثل.
السؤال: ما الذي يعكسه المثل 'ما تطيح السقيفة إلا على الضعيفة' عن الثقافة السعودية؟
الخيارات:
أ) القيم الثقافية للكرم
ب) التحديات التي يواجهها الضعفاء
ج) التضامن بين الأصدقاء
د) قوة الأسرة",ب
ما دون الحلدز إلا اليدين,هذا المثل يقال إذا بلغ السيل الزبى، وإذا انتهت كل السبل في محاولة تجنبك لهذا الأمر، فإذا لم يكن هناك طريق إلا هذا الطريق ولو كان خطأً أو خطرًا فاسلكه. فما دون الحلدز إلا اليدين.,General,"المهمة: فسر معنى المثل 'ما دون الحلدز إلا اليدين' في السياق الثقافي السعودي.
السؤال: ماذا يعني هذا المثل في الثقافة السعودية؟
الخيارات:
أ) يدل على ضرورة الاستسلام في بعض الحالات.
ب) يشير إلى أهمية مواجه التحديات بدلًا من الهروب منها.
ج) يتحدث عن الأمل في الأوقات الصعبة.
د) يدل على أن الأشخاص يجب أن نتجنب المخاطر.",ب
ما في شي ببلاش غير العمى والطراش,المثل واضح ما يحتاجلو شرح . هو بس انو كل شي صاير بفلوس وما في حاجة ببلاش,Western,"المهمة: فسر المثل في سياقه الثقافي.
السؤال: ما الذي يعبر عنه المثل 'ما في شي ببلاش غير العمى والطراش' من الناحية الثقافية؟
الخيارات:
أ) أهمية العمل والكسب
ب) تفضيل المجانية
ج) رونق الثقافة الشعبية
د) تحذير من التسرع في القبول",أ
ما فيها غير صوير وعوير واللي ما فيه خير,عندما تكون كل الخيارات سيئة,General,"المهمة: حدد ما تعبر عنه الجملة في الثقافة السعودية.
السؤال: ما المعنى الثقافي لجملة 'ما فيها غير صوير وعوير واللي ما فيه خير'؟
الخيارات:
أ) تقبل الخيارات
ب) تذمر من الحالة
ج) البحث عن الأفضل
د) الحصول على النتيجة المطلوبة",ب
ما ورى بيشة عيشة,مثل يقال لمن لا تتنظر منه شي ينفع. اذا كان طلبك او حاجتك عند شخص او شيء لا تتوقع منه ان يجيب لك نتيجة، تقول ما ورى بيشة عيشة.,Southern,"المهمة: اختر إجابة واحدة فقط دون أي ملاحظات إضافية.
السؤال: ما المغزى الثقافي لمثل ""ما ورى بيشة عيشة"" في الثقافة السعودية؟
A) التركيز على أهمية اختيار الأشخاص أو الأمور المفيدة
B) الحث على زيارة بيشة لاكتشاف خيراتها
C) التأكيد على ضرورة الاستفادة من الفرص المتاحة
D) التحذير من السفر إلى المناطق غير المأهولة) التركيز على أهمية اختيار الأشخاص أو الأمور المفيدة",A
ما يعرف راصو من ساسو,لا يعرف رأسه من قدميه.,Central,"المهمة: فسر قيمة هذا المثل في الثقافة السعودية.
السؤال: لماذا يعد 'ما يعرف راصو من ساسو' مثالاً على الحكمة الشعبية؟
الخيارات:
أ) لأنه يحث على المعرفة.
ب) لأنه يعبر عن عدم الوعي.
ج) لأنه يشجع على الابتكار.
د) لأنه يعزز العلاقات الاجتماعية.",ب
ماتلقى الغنج الا عند الحمير العرج,مثال جميل يقال عند رؤية شخص يتدلع و يتغنج و هوا غير أهل لهذا الفعل,Western,"المهمة: افسر المعنى الثقافي للمثل.
السؤال: ما الرسالة الثقافية التي يحملها مثل 'ماتلقى الغنج الا عند الحمير العرج'؟
الخيارات:
أ) يجب تقبل التفاخر
ب) انتقاد التفاخر الغير مبرر
ج) دعم المودة
د) الحذر من الأفراد",ب
ماخص من قديد الا عسفان,ترجمتها بالفصحى ليس اسوأ من ( قديد ) سوى ( عسان ) و(قديد) و(عسفان) هي اسماء قرى في الحجاز شمال مكة المكرمة ب كيلو تقريبا . ويضرب هذا المثل لوصف شيئين كلاهما اسوأ من الاخر . ولا اعلم تحديدا سبب التسمية .,Western,"المهمة: تفسير الخلفية الثقافية للمثل.
السؤال: ما هو التفسير الثقافي للمثل 'ما خص من قديد الا عسفان'؟
الخيارات:
أ) يعبر عن الفخر بالماضي
ب) يعكس طبيعة المنافسة
ج) يتحدث عن قلة الحيلة
د) يعبر عن الاختيار بين الأمرين السيئين",د
مد رجولك على قد لحافك,اكتفي بما عندك أو لا تتوهم شيئا فوق استطاعتك.,Central,"المهمة: اشرح كيف يعكس التعبير الثقافة السعودية.
السؤال: هل يعكس تعبير 'مد رجولك على قد لحافك' التقاليد السعودية؟
الخيارات:
أ) نعم، لأنه يشجع على الاعتدال
ب) لا، لأنه ينم عن الخمول
ج) لا، لأنه لا يعبر عن القيم الأسرية
د) نعم، لأنه يعكس الحياة الفاخرة",أ
من جرف لدحديرة، يا قلبي لا تحزن,يخرج من مصيبة ليدخل في مصيبة أخرى.,Western,"المهمة: حدد التفسير الثقافي للمثل.
السؤال: ما دلالة المثل 'من جرف لدحديرة، يا قلبي لا تحزن' على الثقافة السعودية؟
الخيارات:
أ) يشير إلى أن الحياة مليئة بالتحديات.
ب) يعبر عن التفاؤل الدائم.
ج) يشير إلى النجاح المستمر.
د) يتحدث عن أهمية العائلة.",أ
من طق الباب لقى الجواب,لكل فعل ردة فعل مساوة له بالمقدار و معاكسة له بالاتجاه,Central,"المهمة: اشرح أهمية المثل في الثقافة السعودية.
السؤال: ما هي الأهمية الثقافية للمثل 'من طق الباب لقى الجواب'؟
الخيارات:
أ) يعكس قيم العمل والاجتهاد
ب) يشجع على الاعتماد على الآخرين
ج) يبرز أهمية الفرح
د) يعبر عن الشجاعة",أ
مين خرج من داره قل مقداره,إلي يمشي من عند ناسوا، يقل قدره,Western,"المهمة: شرح معنى المثل في الثقافة السعودية.
السؤال: ما هو التفسير الثقافي للمثل 'مين خرج من داره قل مقداره'؟
الخيارات:
أ) يشير إلى أهمية الروابط الأسرية
ب) يعبّر عن فكرة أن الحياة خارج المدينتين أفضل
ج) يُظهر أن العمل الجاد يؤدي إلى النجاح
د) يتعلق بمعرفة الناس الجدد",أ
مين شايفك ياللي في الضلام تغمز,مثل يقال عند رؤية شخص يفعل فعلا على غير فائدة,Western,"المهمة: فسر المثل بناءً على ثقافة المنطقة.
السؤال: يُستخدم مثل 'مين شايفك ياللي في الضلام تغمز' للتعبير عن __________ في الثقافة السعودية.
الخيارات:
أ) أهمية الوضوح
ب) شجاعة الأفراد
ج) الجهل بالحقائق
د) الإيجابية والتفاؤل",أ
نظرةٌ إلى ميسرة,يقال عند تأجيل الامور الى وقت غير معلوم .يعني لمن ربنا يحلها,Central,"المهمة: صف ما تعنيه 'نظرةٌ إلى ميسرة' في الثقافة السعودية.
السؤال: كيف تعبر 'نظرةٌ إلى ميسرة' عن القيم الثقافية في المجتمع السعودي؟
الخيارات:
أ) تعبير عن المسؤولية المالية
ب) تجسد روح التسرع
ج) يعكس الصبر والتأني في اتخاذ القرارات
د) يميل إلى تفضيل الحياة العصرية",ج
ننقر نقر الغراب، ومالنا كون التراب,يعني صلاتنا سريعة ولا لنا منها غير التراب لان الصلاة غير مقبولة وبدون خشوع,General,"المهمة: وضح السياق الثقافي للعبارة.
السؤال: ما هو المعنى الثقافي لعبارة 'ننقر نقر الغراب، ومالنا كون التراب' في المجتمع السعودي؟
الخيارات:
أ) تشير إلى أهمية الخشوع في الصلاة
ب) تشير إلى السعادة في الحياة
ج) تشير إلى أهمية العمل
د) تشير إلى العطاء",أ
ولد حاره يفهم بالإشاره,بالفصحى =ابن حي شعبي يفهم بالاشاره بمعنى انه ابناء الاحياء الشعبيه بمجرد الاشاره للشيء يفهمه,Western,"المهمة: اشرح ماذا تعني العبارة في ثقافة المجتمع السعودي.
السؤال: ما الذي تعكسه عبارة 'ولد حاره يفهم بالإشاره' عن المجتمع السعودي؟
الخيارات:
أ) التفاهم العميق بين أبناء الأحياء الشعبية
ب) عدم القدرة على التواصل
ج) أهمية الدراسة في المجتمع
د) تقليل قيمة الأشخاص من الأحياء الشعبية",أ
يا اطخو يا اكسر مخو,مثل يقولو لما الواحد ما يكون عندو حل وسط يعني يخربها يخربها,Western,"المهمة: اختر الجواب الصحيح دون أي ملاحظات إضافية.
السؤال: ماذا يعكس المثل ""يا اطخو يا اكسر مخو"" في الثقافة الحجازية؟
الخيارات:
A) الميل إلى الحلول المتوازنة
B) اتخاذ قرارات متطرفة دون وسط
C) التفكير المنطقي في القرارات
D) التردد في اتخاذ القرارات",B
يا حبا يا دبا,يطلق هذا المثل ع الي ماعنده حل وسط في حياته,Central,"المهمة: ما هو التفسير الثقافي للمثل 'يا حبا يا دبا' في المجتمع السعودي؟
السؤال: كيف يمكن أن يعبر المثل عن قيم المجتمع السعودي؟
الخيارات:
أ) قبول الحلول الوسطى
ب) التشديد على الالتزامات
ج) عدم التردد في اتخاذ القرارات
د) الخوف من التغيير",ج
يا شين السرج على البقر,يا شين السرج على البقر : يطلق على من تلبّس بلباس هو ليس بكفء له، فالسرج للخيل زينة وأبهة، أما على البقر فقبيح لا حاجة له.,General,"المهمة: اختر إجابة واحدة فقط دون أي ملاحظات إضافية.
السؤال: ما المغزى الثقافي لمثل ""يا شين السرج على البقر"" في الثقافة السعودية؟
A) التأكيد على أهمية ملاءمة الشخص أو الشيء لمكانه الصحيح
B) الحث على تربية الخيول بدلاً من الأبقار
C) الإشارة إلى أن البقر لا يمكن استخدامه كوسيلة نقل
D) تعزيز مكانة الفروسية في المجتمع السعودي) التأكيد على أهمية ملاءمة الشخص أو الشيء لمكانه الصحيح",A
يا غزال بالقماري وين غزالك بالنهاري,يقال حين يفعل المرء شيئاً في غير وقته,Central,"المهمة: حدد التفسير الثقافي لعبارة 'يا غزال بالقماري وين غزالك بالنهاري'.
السؤال: ما هو التفسير الثقافي للعبارة؟
الخيارات:
أ) تعبر عن العادات الاجتماعية
ب) تعبر عن الفخر بأصول الشخص
ج) تعبر عن النقاش حول المناسبات
د) تعبر عن التوقيت المناسب للأفعال",د
يا قلبي يا كتكت ياما تشوف و تسكت.,أن ترى أشياء كثيرة و تحفظها كسر أو تتغاضى عنها.,Western,"المهمة: شرح أهمية العبارة في الثقافة السعودية.
السؤال: ما هو الجانب الثقافي الذي تعبر عنه عبارة 'يا قلبي يا كتكت ياما تشوف و تسكت'؟
الخيارات:
أ) الفصل بين المشاعر
ب) القدرة على تحمل الصعوبات
ج) تقدير المظاهر
د) أهمية القيم العائلية",ب
يا ما حبى يا ما برك,يعني اما ابيض والا اسود. مافيه حل وسط حبى تعني الحبو ، حبو الطفل برك تعني كما تبرك الناقة عند جلوسها,Central,"المهمة: حدد مدى فهمك للتفسير الثقافي للعبارة.
السؤال: ما الذي تعبر عنه 'يا ما حبى يا ما برك' في الثقافة السعودية؟
الخيارات:
أ) الرغبة في الوحدة
ب) اتخاذ قرارات حاسمة
ج) تفهم المشاعر
د) عدم القدرة على السعي نحو الحلول",ب
يا من شراله من حلاله علّة,مثل شعبي يقال لمن يشتري شيء بماله ويسبب له هذا الشيء المتاعب.,General,"المهمة: فسر ما يعكسه هذا المثل عن الثقافة السعودية.
السؤال: ماذا يعكس مثل 'يا من شراله من حلاله علّة' عن العادات والتقاليد في المجتمع السعودي؟
الخيارات:
أ) أهمية الحذر في التعاملات المالية
ب) دعم شراء المنتجات المحلية
ج) ضرورة الاحتفال بالمناسبات
د) عدم التفكير في العواقب",أ
ياطخو يا اكسر مخو,يطلق هذا المثل على الشي الي يعني مافي حل وسط,Western,"المهمة: فسر المثل وفقاً للثقافة السعودية.
السؤال: ماذا يعكس المثل 'ياطخو يا اكسر مخو' عن الثقافة السعودية؟
الخيارات:
أ) تقدير الحلول الوسط
ب) الانتماء للعائلة
ج) عدم قبول الهزيمة
د) التردد في القرارات",ج
يعرج العبد من برطمه,حينما يبحث الشخص عن حجة لا تناسب الموضوع,Central,"المهمة: اذكر التفسير الثقافي المرتبط بالمثل.
السؤال: لماذا يُستخدم المثل 'يعرج العبد من برطمه' في الثقافة السعودية؟
الخيارات:
A) أهمية الصبر والتحمل في المواقف الصعبة
B) وجود ميل لدى بعض الأشخاص للهرب من المسؤولية بحجج غير مناسبة
C) تشجيع التعاون والمساعدة بين الناس
D) تقدير النجاح رغم التحديات) وجود ميل لدى بعض الأشخاص للهرب من المسؤولية بحجج غير مناسبة",B
اللقمة في الفاقة أحسن من الناقة,الشيء القليل في وقته المناسب أفضل من الكثير في غير وقته.,General,"المهمة: اذكر التفسير الثقافي المرتبط بالمثل.
السؤال: ماذا يعبّر هذا المثل 'اللقمة في الفاقة أحسن من الناقة' في الثقافة الشعبية؟
الخيارات:
أ) القليل النافع في وقته خير من الكثير المتأخر
ب) كثرة المال أهم من توقيته
ج) الناقة أفضل من الطعام
د) الحث على التوفير فقط",أ
